lake,learner,k,method,median_rer_log,median_mae_log,median_demeaned_spearman
Branched Oak Lake,MLP,0,source_only,,0.0911916537652532,0.7489090809087846
Branched Oak Lake,MLP,1,calibrated,0.31181562460690804,0.09630063486726459,0.7490128927056013
Branched Oak Lake,MLP,3,calibrated,0.34067348063668895,0.08281080639534935,0.7531651972534583
Branched Oak Lake,MLP,5,calibrated,0.417484097006778,0.07462811714849624,0.7595096254997564
Branched Oak Lake,MLP,10,calibrated,0.4159942823631083,0.06806426804303034,0.769676288455456
Branched Oak Lake,PLSR,0,source_only,,0.4264042607079933,0.3110131195653774
Branched Oak Lake,PLSR,1,calibrated,0.0636036284060255,0.1297553347327569,0.3047947255830329
Branched Oak Lake,PLSR,3,calibrated,0.06418692545540045,0.12071269273889434,0.30591796611062205
Branched Oak Lake,PLSR,5,calibrated,0.03014834870149115,0.1208372285101289,0.27351386847807
Branched Oak Lake,PLSR,10,calibrated,0.2171271572433391,0.0916130719242385,0.5991318751037409
Branched Oak Lake,XGBoost,0,source_only,,0.1051213822980658,0.6522453774832147
Branched Oak Lake,XGBoost,1,calibrated,0.27408374803636615,0.1005499495736173,0.6555452072390366
Branched Oak Lake,XGBoost,3,calibrated,0.3060927829196337,0.08822769936735055,0.6560527066567563
Branched Oak Lake,XGBoost,5,calibrated,0.25490958981356204,0.0947155076724832,0.6037762825720219
Branched Oak Lake,XGBoost,10,calibrated,0.20096359381019185,0.09577542687416116,0.6211808250539061
Chaohu,MLP,0,source_only,,0.1617478194884039,0.775033165049346
Chaohu,MLP,1,calibrated,0.3887816929268493,0.18705863236400166,0.7665671343894808
Chaohu,MLP,3,calibrated,0.39496911859583805,0.17677966498417594,0.7642208692898463
Chaohu,MLP,5,calibrated,0.3270445211809357,0.198776597361095,0.7005930186586556
Chaohu,MLP,10,calibrated,0.3241856354713961,0.18861250636697902,0.7090909090909092
Chaohu,PLSR,0,source_only,,0.170546382226734,0.7711319913997688
Chaohu,PLSR,1,calibrated,0.36009722492353413,0.20593457816869,0.759037005367973
Chaohu,PLSR,3,calibrated,0.3896864432386836,0.17430520781511474,0.7652549976650693
Chaohu,PLSR,5,calibrated,0.2877843355846974,0.1981734120454462,0.7079676820129573
Chaohu,PLSR,10,calibrated,0.21478085789279683,0.21514598230683107,0.6621151663123807
Chaohu,XGBoost,0,source_only,,0.163598536391576,0.7854362947815521
Chaohu,XGBoost,1,calibrated,0.3646243767340824,0.1880085990503119,0.7769838834541307
Chaohu,XGBoost,3,calibrated,0.35120031081105574,0.1891250292852813,0.7776645381677463
Chaohu,XGBoost,5,calibrated,0.26988727755483055,0.2052583937646339,0.7108672584168898
Chaohu,XGBoost,10,calibrated,0.2285739796036614,0.21754255039619141,0.7167228164398003
Dianchi,MLP,0,source_only,,0.5204218099577826,0.3202729726742833
Dianchi,MLP,1,calibrated,-1.8888713372179462,0.31629126712497657,0.31657984922634075
Dianchi,MLP,3,calibrated,-1.663895260919832,0.31063627348455747,0.31691352602716005
Dianchi,MLP,5,calibrated,-0.684483525974247,0.1808056175168712,-0.0017832661909547003
Dianchi,MLP,10,calibrated,-0.3345320516208077,0.14115957997606135,0.469899194311556
Dianchi,PLSR,0,source_only,,0.2659424457446546,0.5210561433026342
Dianchi,PLSR,1,calibrated,-1.6199381912968636,0.32429925143371224,0.5210935474611003
Dianchi,PLSR,3,calibrated,-1.196239474250473,0.2551225156715957,0.5225665107428179
Dianchi,PLSR,5,calibrated,-0.8430363705896833,0.20251696113258205,0.3227517914708058
Dianchi,PLSR,10,calibrated,-0.7034212161671802,0.18334951986505343,0.2533811884683434
Dianchi,XGBoost,0,source_only,,0.3071978299417879,0.2134924155757431
Dianchi,XGBoost,1,calibrated,-1.204104418581187,0.2562317391760235,0.2158548079015682
Dianchi,XGBoost,3,calibrated,-0.9946865082430891,0.23136900557522205,0.21072328806588325
Dianchi,XGBoost,5,calibrated,-0.930019462222733,0.2043294284915556,0.088438475921452
Dianchi,XGBoost,10,calibrated,-0.6110127744512854,0.16687301511968894,0.40499066979031734
Eagle Creek Reservoir,MLP,0,source_only,,0.1108167725555671,0.7285075663241508
Eagle Creek Reservoir,MLP,1,calibrated,0.2762674217355797,0.1302906088852774,0.7262622414409347
Eagle Creek Reservoir,MLP,3,calibrated,0.2665795452564204,0.1218843387936144,0.7280694340290794
Eagle Creek Reservoir,MLP,5,calibrated,0.17911292123925684,0.13259142464281445,0.6887964866153907
Eagle Creek Reservoir,MLP,10,calibrated,0.1944463436030875,0.12276879028540635,0.7536434993161258
Eagle Creek Reservoir,PLSR,0,source_only,,0.169471290185849,0.538039805676227
Eagle Creek Reservoir,PLSR,1,calibrated,0.06852321136671036,0.1794327889529338,0.5355647486459185
Eagle Creek Reservoir,PLSR,3,calibrated,0.0041341831696011435,0.16490969019714935,0.5342082853891457
Eagle Creek Reservoir,PLSR,5,calibrated,0.11619345826313726,0.14150278846471304,0.5924568928119567
Eagle Creek Reservoir,PLSR,10,calibrated,0.1902308662712947,0.12348302060996745,0.6945557869574265
Eagle Creek Reservoir,XGBoost,0,source_only,,0.1443276805093687,0.3483055862047691
Eagle Creek Reservoir,XGBoost,1,calibrated,0.04882027341966875,0.1611917418356564,0.34616534900236534
Eagle Creek Reservoir,XGBoost,3,calibrated,0.0589153967853955,0.15396067836813485,0.3446151692294511
Eagle Creek Reservoir,XGBoost,5,calibrated,-0.0460479078045938,0.16320382961648922,0.3028400230382316
Eagle Creek Reservoir,XGBoost,10,calibrated,0.14575093461025715,0.13299644407244648,0.6000085481936797
Erhai,MLP,0,source_only,,0.1467786703352379,0.6085358667542468
Erhai,MLP,1,calibrated,-0.1002206308637672,0.1632048328340375,0.6068992198557127
Erhai,MLP,3,calibrated,0.01142558339231825,0.14899031744831853,0.6026434428161807
Erhai,MLP,5,calibrated,0.12943592056623845,0.12382750396913411,0.6507791126764036
Erhai,MLP,10,calibrated,0.29205341294056975,0.0995039557592757,0.7392197899128123
Erhai,PLSR,0,source_only,,0.0935843689900606,0.7530527616643241
Erhai,PLSR,1,calibrated,0.3690401653594322,0.0970554921766154,0.7482301516481988
Erhai,PLSR,3,calibrated,0.3120203196755563,0.10053047493404235,0.7521393730849423
Erhai,PLSR,5,calibrated,0.24344863028756494,0.11233778437627745,0.7180568406629502
Erhai,PLSR,10,calibrated,0.25427698087104283,0.10300221896438765,0.7339336915634203
Erhai,XGBoost,0,source_only,,0.1271260884150092,0.546176648770079
Erhai,XGBoost,1,calibrated,0.21068678699921214,0.1153995045283598,0.5424121553493049
Erhai,XGBoost,3,calibrated,0.21104408181803064,0.11311905317084645,0.5371127197405281
Erhai,XGBoost,5,calibrated,0.10751075229124245,0.12845741870904054,0.4642315286172236
Erhai,XGBoost,10,calibrated,0.1656477804621107,0.12097146459792775,0.5643413715467704
Garda,MLP,0,source_only,,0.4539544933522516,0.5125074132044826
Garda,MLP,1,calibrated,0.12062652952891614,0.26851124751137556,0.5058566137927785
Garda,MLP,3,calibrated,0.11039022287985456,0.2581272168865152,0.50702934577323
Garda,MLP,5,calibrated,0.0272612549086137,0.283507994504661,0.4633363964196085
Garda,MLP,10,calibrated,-0.0261085771957837,0.28912715875025846,0.4042439183555975
Garda,PLSR,0,source_only,,0.5683406052809709,-0.148192057947167
Garda,PLSR,1,calibrated,-0.03937056354484115,0.31770728017925215,-0.1496975170078884
Garda,PLSR,3,calibrated,-0.035592162179001005,0.3009289715933586,-0.14738692103625084
Garda,PLSR,5,calibrated,-0.06353002233926469,0.31424396179887804,0.3581873072669301
Garda,PLSR,10,calibrated,-0.08036354295319845,0.29207399128390443,0.28377347300546335
Garda,XGBoost,0,source_only,,0.5897237135686086,0.4522821608547538
Garda,XGBoost,1,calibrated,-0.05611145012203455,0.3302345579148568,0.4497361345017729
Garda,XGBoost,3,calibrated,0.01881272872847995,0.29433922892173425,0.4439775268254909
Garda,XGBoost,5,calibrated,-0.14996225926718976,0.3226581036494709,0.42819173491174234
Garda,XGBoost,10,calibrated,-0.0693544084806256,0.2865570561832762,0.40760248734411825
Geist Reservoir,MLP,0,source_only,,0.1244068187965522,0.0601719726286933
Geist Reservoir,MLP,1,calibrated,-0.241752906618938,0.1423703557851745,0.0654998238249031
Geist Reservoir,MLP,3,calibrated,-0.2045404556130036,0.12735962107836063,0.0630785149795454
Geist Reservoir,MLP,5,calibrated,-0.29894955026594483,0.1357883664384142,0.051263488375370245
Geist Reservoir,MLP,10,calibrated,-0.2595968532364527,0.12610843103935454,0.2616530083011336
Geist Reservoir,PLSR,0,source_only,,0.13643985749474,0.292107576215657
Geist Reservoir,PLSR,1,calibrated,-0.17367485017337875,0.1463988098660124,0.297329503302136
Geist Reservoir,PLSR,3,calibrated,-0.18259050372844704,0.1227357351425715,0.2960797087580259
Geist Reservoir,PLSR,5,calibrated,-0.1519155565228844,0.1208787272909832,0.24444067489745014
Geist Reservoir,PLSR,10,calibrated,-0.1401022611586391,0.11549586082330054,0.3817867907113418
Geist Reservoir,XGBoost,0,source_only,,0.1386463306043483,0.1259166904497032
Geist Reservoir,XGBoost,1,calibrated,-0.38484208236758527,0.1649590063421045,0.125746567894796
Geist Reservoir,XGBoost,3,calibrated,-0.380272316003448,0.14514387373497106,0.13552450056858684
Geist Reservoir,XGBoost,5,calibrated,-0.5099871624162464,0.15535393798492464,0.07548506000709886
Geist Reservoir,XGBoost,10,calibrated,-0.3934717351878292,0.14363348593800868,0.25163087677400675
High Rock Lake,MLP,0,source_only,,0.2177829904994436,0.6178071686273343
High Rock Lake,MLP,1,calibrated,-0.1364439509150157,0.3024791497590484,0.6201789015895134
High Rock Lake,MLP,3,calibrated,0.0824270551855225,0.2197441670718781,0.6175894357825732
High Rock Lake,MLP,5,calibrated,0.08574392472718664,0.21519728601061405,0.591557555566198
High Rock Lake,MLP,10,calibrated,0.02939693857893725,0.2198406076765187,0.5589911913941966
High Rock Lake,PLSR,0,source_only,,0.3492482310370601,0.6245031375727166
High Rock Lake,PLSR,1,calibrated,-0.6790277782470875,0.4405916218443443,0.6259285397693175
High Rock Lake,PLSR,3,calibrated,-0.19424432467027586,0.3149059600124161,0.6223658242180802
High Rock Lake,PLSR,5,calibrated,0.1727396482493191,0.19768128330671486,0.6287186425651243
High Rock Lake,PLSR,10,calibrated,0.08623782897375229,0.20951158981687895,0.6107643078896456
High Rock Lake,XGBoost,0,source_only,,0.2585677620258755,0.6134406597955181
High Rock Lake,XGBoost,1,calibrated,-0.03320164395507205,0.30336427350966355,0.615569767338034
High Rock Lake,XGBoost,3,calibrated,0.10097084862647884,0.21751952924683693,0.614164565723436
High Rock Lake,XGBoost,5,calibrated,0.17830960307131605,0.19284389295792745,0.6033464518902354
High Rock Lake,XGBoost,10,calibrated,0.131990700684745,0.2000028932049718,0.5897428726683118
Ibitinga Reservoir,MLP,0,source_only,,0.3069497260148386,0.7501711789346733
Ibitinga Reservoir,MLP,1,calibrated,0.47497474130666584,0.24275402293590287,0.7436250589350255
Ibitinga Reservoir,MLP,3,calibrated,0.43756123707685557,0.2088778620498885,0.7455996965954108
Ibitinga Reservoir,MLP,5,calibrated,0.4351382283207383,0.21478866518186485,0.6975537648088926
Ibitinga Reservoir,MLP,10,calibrated,0.42068504599790546,0.2051428424406969,0.7623230819087345
Ibitinga Reservoir,PLSR,0,source_only,,0.2501259505512843,0.5689254415424275
Ibitinga Reservoir,PLSR,1,calibrated,0.28279499391659274,0.3109114845405023,0.5664987615295574
Ibitinga Reservoir,PLSR,3,calibrated,0.31449225903964007,0.25472241442233867,0.5703291310061581
Ibitinga Reservoir,PLSR,5,calibrated,0.3023436429108909,0.25955621667294304,0.4796737444743344
Ibitinga Reservoir,PLSR,10,calibrated,0.26566203541742106,0.2666005383798564,0.6780272399717058
Ibitinga Reservoir,XGBoost,0,source_only,,0.3506568784640612,0.6967830840834831
Ibitinga Reservoir,XGBoost,1,calibrated,0.3413353988385259,0.26942364033828664,0.6974046126638135
Ibitinga Reservoir,XGBoost,3,calibrated,0.3624061722185094,0.23659947345469615,0.6930256939317891
Ibitinga Reservoir,XGBoost,5,calibrated,0.39396014921202954,0.2246482420353905,0.603140153250344
Ibitinga Reservoir,XGBoost,10,calibrated,0.45862611928985025,0.189863286194292,0.7503229140317962
Lake Chotkowskie,MLP,0,source_only,,0.217364156196335,0.9186900056465276
Lake Chotkowskie,MLP,1,calibrated,0.4895892301178985,0.17131328937518803,0.918181818181818
Lake Chotkowskie,MLP,3,calibrated,0.5237393434257678,0.14294398530645805,0.9149122807017542
Lake Chotkowskie,MLP,5,calibrated,0.5157733605004814,0.14846371697996086,0.9056372549019609
Lake Chotkowskie,MLP,10,calibrated,0.5731876665743993,0.1279990256412252,0.9020979020979022
Lake Chotkowskie,PLSR,0,source_only,,0.2247490677423241,0.8701298701298703
Lake Chotkowskie,PLSR,1,calibrated,0.1499399607368563,0.27785876761861805,0.8668831168831168
Lake Chotkowskie,PLSR,3,calibrated,0.19086958300692763,0.23671367676894411,0.8614035087719297
Lake Chotkowskie,PLSR,5,calibrated,0.3470963438992965,0.19513312564228424,0.8002450980392157
Lake Chotkowskie,PLSR,10,calibrated,0.45348434346618693,0.1621776712144963,0.8811188811188813
Lake Chotkowskie,XGBoost,0,source_only,,0.1481669855342786,0.9209486166007904
Lake Chotkowskie,XGBoost,1,calibrated,0.5859482076319,0.1467663690301696,0.9194805194805192
Lake Chotkowskie,XGBoost,3,calibrated,0.6030170885116127,0.12027956390203284,0.9149122807017542
Lake Chotkowskie,XGBoost,5,calibrated,0.5857427806157649,0.1303578513244299,0.9093137254901962
Lake Chotkowskie,XGBoost,10,calibrated,0.6231022376292226,0.1106295436163999,0.9020979020979022
Lake Erie,MLP,0,source_only,,0.245653023027792,0.8051405015429922
Lake Erie,MLP,1,calibrated,0.3719174164588771,0.24971225844498662,0.8050092573449263
Lake Erie,MLP,3,calibrated,0.3754268946893593,0.22236651840083965,0.8045657011510015
Lake Erie,MLP,5,calibrated,0.30274012716558857,0.2381115951433333,0.7746642497232624
Lake Erie,MLP,10,calibrated,0.3300237969652659,0.22160015690097826,0.8358282695958034
Lake Erie,PLSR,0,source_only,,0.3504768844752889,0.7310627688327969
Lake Erie,PLSR,1,calibrated,0.0224637906837652,0.3892940997462597,0.731044876600071
Lake Erie,PLSR,3,calibrated,0.0530276242012332,0.34073051243194336,0.7308027121205611
Lake Erie,PLSR,5,calibrated,0.1227449722703373,0.3141672780551594,0.7002900115648691
Lake Erie,PLSR,10,calibrated,0.07425269284142474,0.30355314508413456,0.6911013681105165
Lake Erie,XGBoost,0,source_only,,0.2554247538293229,0.7840159118481286
Lake Erie,XGBoost,1,calibrated,0.3731014627429343,0.240113254512627,0.7838636958183249
Lake Erie,XGBoost,3,calibrated,0.3776760144528777,0.21828064015651985,0.783563389942028
Lake Erie,XGBoost,5,calibrated,0.3289160865783786,0.2350688359436055,0.7716100690342049
Lake Erie,XGBoost,10,calibrated,0.3049524237526037,0.22785508763815615,0.8098624161928796
Lake Geneva,MLP,0,source_only,,0.4010846935296235,0.5515426693024188
Lake Geneva,MLP,1,calibrated,0.2751626384493363,0.2240028708431783,0.5548729092001964
Lake Geneva,MLP,3,calibrated,0.28886838944810805,0.20796123229152064,0.5528651893298939
Lake Geneva,MLP,5,calibrated,0.284587360629859,0.20557412149790083,0.5064759084683947
Lake Geneva,MLP,10,calibrated,0.25509808537141443,0.1953088675204539,0.6484848484848483
Lake Geneva,PLSR,0,source_only,,0.6001240340907359,0.826937781123272
Lake Geneva,PLSR,1,calibrated,0.30866659432989335,0.2325156880777857,0.8244076926249755
Lake Geneva,PLSR,3,calibrated,0.31615709104458867,0.20805678292819002,0.8186274509803922
Lake Geneva,PLSR,5,calibrated,0.20862379038778173,0.22189863152238531,0.5701521490256695
Lake Geneva,PLSR,10,calibrated,0.25997143571147335,0.18674626148691034,0.776929111145932
Lake Geneva,XGBoost,0,source_only,,0.3544316814230938,0.3641836997849533
Lake Geneva,XGBoost,1,calibrated,-0.0275614689212504,0.3338745113228692,0.3791136828325801
Lake Geneva,XGBoost,3,calibrated,0.11567964366947085,0.2785503880301513,0.3631904574433318
Lake Geneva,XGBoost,5,calibrated,0.18277862319135485,0.22614307241899614,0.453083290840148
Lake Geneva,XGBoost,10,calibrated,0.21211219352032662,0.2079528376716499,0.6100133779006383
Lake Hume,MLP,0,source_only,,0.1313125572757507,0.8314015381569139
Lake Hume,MLP,1,calibrated,0.42795425085554584,0.1494456987552774,0.8291748791168313
Lake Hume,MLP,3,calibrated,0.46549624138532397,0.1339418516070216,0.8292840002977817
Lake Hume,MLP,5,calibrated,0.371610285223297,0.1614776659812172,0.8059291047643204
Lake Hume,MLP,10,calibrated,0.4664206545184566,0.123215911466,0.8390195900566733
Lake Hume,PLSR,0,source_only,,0.2054114408673949,0.6720656047514612
Lake Hume,PLSR,1,calibrated,0.16632245277671664,0.21086845755674,0.6685270339876893
Lake Hume,PLSR,3,calibrated,0.1912218745079767,0.19823761503406706,0.6673746664924071
Lake Hume,PLSR,5,calibrated,0.26603763277996484,0.1867495837236815,0.5467812443052549
Lake Hume,PLSR,10,calibrated,0.30473418051602763,0.16468644168409424,0.7939636933464048
Lake Hume,XGBoost,0,source_only,,0.1465990270787938,0.6286379583531516
Lake Hume,XGBoost,1,calibrated,0.30891781439488886,0.185618700943642,0.6245896294785949
Lake Hume,XGBoost,3,calibrated,0.34787053745928254,0.16286477525189058,0.6107607493751712
Lake Hume,XGBoost,5,calibrated,0.217481992600079,0.19135607481623765,0.5316881307363837
Lake Hume,XGBoost,10,calibrated,0.3689485899178766,0.14516883175679818,0.6457691882952346
Lake Jasień Południowy,MLP,0,source_only,,0.1183629391215185,0.7718802936194241
Lake Jasień Południowy,MLP,1,calibrated,0.3492981741935785,0.1558117985266748,0.7701298701298702
Lake Jasień Południowy,MLP,3,calibrated,0.3974756539485403,0.12213317491657255,0.7649122807017543
Lake Jasień Południowy,MLP,5,calibrated,0.3655410140523472,0.12619533921299636,0.6973039215686275
Lake Jasień Południowy,MLP,10,calibrated,0.36923160382215914,0.1235483315422306,0.7272727272727274
Lake Jasień Południowy,PLSR,0,source_only,,0.2811160394574216,0.5595708639186902
Lake Jasień Południowy,PLSR,1,calibrated,0.0793436597570419,0.208864970325439,0.5623376623376624
Lake Jasień Południowy,PLSR,3,calibrated,0.09855921873685244,0.1758013683927643,0.5473684210526315
Lake Jasień Południowy,PLSR,5,calibrated,0.0552436528272207,0.19071457050557156,0.3026960784313726
Lake Jasień Południowy,PLSR,10,calibrated,0.2890004805316594,0.1428435693330466,0.7272727272727274
Lake Jasień Południowy,XGBoost,0,source_only,,0.1297873379053465,0.7346132128740825
Lake Jasień Południowy,XGBoost,1,calibrated,0.3334659286846893,0.1554675501922481,0.7402597402597402
Lake Jasień Południowy,XGBoost,3,calibrated,0.3621987512615342,0.1244292103080179,0.719298245614035
Lake Jasień Południowy,XGBoost,5,calibrated,0.33228825745697405,0.1371905616341733,0.7561274509803922
Lake Jasień Południowy,XGBoost,10,calibrated,0.40067200910662315,0.1199148159746327,0.7727272727272728
Lake Jeleń,MLP,0,source_only,,0.2421305744529518,0.6723164914801855
Lake Jeleń,MLP,1,calibrated,0.16001523907880244,0.12958334349209086,0.666666807401513
Lake Jeleń,MLP,3,calibrated,0.19725310508822286,0.1197437015280742,0.6710556165604531
Lake Jeleń,MLP,5,calibrated,0.26572561123814553,0.11058501583092105,0.582643689823794
Lake Jeleń,MLP,10,calibrated,0.2911489543818383,0.10410002619126045,0.5849396010625192
Lake Jeleń,PLSR,0,source_only,,0.5096649472383663,0.366666725185412
Lake Jeleń,PLSR,1,calibrated,0.06252855982896954,0.1425581606045355,0.3689509775622259
Lake Jeleń,PLSR,3,calibrated,0.09729576651710944,0.13301148050191186,0.36215992886879905
Lake Jeleń,PLSR,5,calibrated,0.18364298747283003,0.1212925917938087,0.4201162010788736
Lake Jeleń,PLSR,10,calibrated,0.2290523089884434,0.1127729195519105,0.5061303733744553
Lake Jeleń,XGBoost,0,source_only,,0.2067448189580579,0.6451978430843459
Lake Jeleń,XGBoost,1,calibrated,0.22511374503987755,0.1263724445998587,0.6326729791295915
Lake Jeleń,XGBoost,3,calibrated,0.1781457536886359,0.12378344028148144,0.6456002657755118
Lake Jeleń,XGBoost,5,calibrated,0.14491994689477933,0.1282548417446145,0.5950924725000537
Lake Jeleń,XGBoost,10,calibrated,0.15306087909391075,0.12489089875227141,0.5721778225611629
Lake Kasumigaura,MLP,0,source_only,,0.2052161868886655,0.5767671856091394
Lake Kasumigaura,MLP,1,calibrated,0.1193186897217143,0.1441752521129769,0.5770029238893619
Lake Kasumigaura,MLP,3,calibrated,0.16187356319166085,0.12041064687184386,0.5764679626850033
Lake Kasumigaura,MLP,5,calibrated,0.12980194278845092,0.12273948243873115,0.5440289257672823
Lake Kasumigaura,MLP,10,calibrated,0.1815983303663502,0.11756191627415691,0.6262179573816486
Lake Kasumigaura,PLSR,0,source_only,,0.3536122394526549,0.4030590476010448
Lake Kasumigaura,PLSR,1,calibrated,-0.14641683699341074,0.1856533408444044,0.403983389115978
Lake Kasumigaura,PLSR,3,calibrated,-0.06278293520219705,0.1568826914713049,0.4040475545169378
Lake Kasumigaura,PLSR,5,calibrated,-0.18139733471952418,0.1740181543340607,0.35508874537217416
Lake Kasumigaura,PLSR,10,calibrated,-0.08679567351882694,0.15307633244472746,0.4557866623420961
Lake Kasumigaura,XGBoost,0,source_only,,0.2025422938063115,0.6670733238307271
Lake Kasumigaura,XGBoost,1,calibrated,0.13480048572480224,0.14692055499785125,0.667176381557231
Lake Kasumigaura,XGBoost,3,calibrated,0.15572157053020969,0.119974043234202,0.6657355891768939
Lake Kasumigaura,XGBoost,5,calibrated,0.18086437202229494,0.1163675897142268,0.6615674909376261
Lake Kasumigaura,XGBoost,10,calibrated,0.2265644052623944,0.10728386774828516,0.7023709750331787
Lake Kummerow,MLP,0,source_only,,0.4903116840193603,0.5020536526979626
Lake Kummerow,MLP,1,calibrated,0.09490431861677984,0.3742686843084318,0.4986526238158978
Lake Kummerow,MLP,3,calibrated,0.1094790031700493,0.29769786875413057,0.4892410370067226
Lake Kummerow,MLP,5,calibrated,-0.0026545751847756,0.33239871814133,0.3995456130264196
Lake Kummerow,MLP,10,calibrated,-0.054227006705987055,0.35059549880878227,0.25891770769207056
Lake Kummerow,PLSR,0,source_only,,0.5535424474255423,0.4993158004678443
Lake Kummerow,PLSR,1,calibrated,0.0680037264054574,0.35846912821765575,0.4950916633820824
Lake Kummerow,PLSR,3,calibrated,0.07913781168244624,0.30885996593789655,0.4816927622699469
Lake Kummerow,PLSR,5,calibrated,-0.0550025905690853,0.3432271682992679,0.37524390904030513
Lake Kummerow,PLSR,10,calibrated,-0.054210177853967756,0.35426109955337354,0.04269092796834015
Lake Kummerow,XGBoost,0,source_only,,0.4388004175293467,0.5157429138485548
Lake Kummerow,XGBoost,1,calibrated,0.1683916383863109,0.3016719642526067,0.5086641822863328
Lake Kummerow,XGBoost,3,calibrated,0.18523994312153225,0.27308963655015583,0.49239588450893956
Lake Kummerow,XGBoost,5,calibrated,0.11876210218265351,0.2928987241404199,0.42543625767024446
Lake Kummerow,XGBoost,10,calibrated,0.098175159208462,0.3006354853866427,0.37375233711445033
Lake Obłęże,MLP,0,source_only,,0.2018604939547537,0.7819548872180451
Lake Obłęże,MLP,1,calibrated,0.3734824619665133,0.1852640597414781,0.7894736842105263
Lake Obłęże,MLP,3,calibrated,0.3541841080676056,0.16845676540340354,0.7732843137254903
Lake Obłęże,MLP,5,calibrated,0.3147613373505517,0.17169755196669867,0.7660714285714285
Lake Obłęże,MLP,10,calibrated,0.2779079304704569,0.16849993834082627,0.7454545454545454
Lake Obłęże,PLSR,0,source_only,,0.2282681349072228,0.7157894736842104
Lake Obłęże,PLSR,1,calibrated,0.2694484320276304,0.17469613117789945,0.7070175438596492
Lake Obłęże,PLSR,3,calibrated,0.27799580976615484,0.1847929444847519,0.7132352941176472
Lake Obłęże,PLSR,5,calibrated,0.22136234411306727,0.20155576218017524,0.7124999999999999
Lake Obłęże,PLSR,10,calibrated,0.24520646639139085,0.1882003028083527,0.709090909090909
Lake Obłęże,XGBoost,0,source_only,,0.1795570702941359,0.8150375939849623
Lake Obłęże,XGBoost,1,calibrated,0.4401001291373169,0.1567319082792985,0.8175438596491227
Lake Obłęże,XGBoost,3,calibrated,0.4837909191728474,0.13163592573988908,0.8149509803921569
Lake Obłęże,XGBoost,5,calibrated,0.3674291402356248,0.1474179387213747,0.7839285714285713
Lake Obłęże,XGBoost,10,calibrated,0.34700551295274695,0.14863761745041448,0.7757575757575756
Lake Peipsi,MLP,0,source_only,,0.1771334992622636,0.6049222861432264
Lake Peipsi,MLP,1,calibrated,0.2182251310500193,0.1986311336648432,0.6018655132518183
Lake Peipsi,MLP,3,calibrated,0.1967957554432955,0.1921621224383983,0.6008737889609825
Lake Peipsi,MLP,5,calibrated,0.1672668405442497,0.19635981992472168,0.5562458551497309
Lake Peipsi,MLP,10,calibrated,0.07668685179601789,0.21476652755055287,0.4717845043395861
Lake Peipsi,PLSR,0,source_only,,0.2495045307403537,0.4827913235777016
Lake Peipsi,PLSR,1,calibrated,0.09717428630517075,0.2359720903043897,0.4806777026308936
Lake Peipsi,PLSR,3,calibrated,0.09803124200882066,0.21169830663379463,0.48598743906450614
Lake Peipsi,PLSR,5,calibrated,0.07435299551360139,0.22238754951245682,0.46165091919895035
Lake Peipsi,PLSR,10,calibrated,0.1042722341057373,0.20833032164497378,0.49569770370358085
Lake Peipsi,XGBoost,0,source_only,,0.1651237658254144,0.7000348283667843
Lake Peipsi,XGBoost,1,calibrated,0.30611086593627496,0.1778314477195045,0.6976191765183267
Lake Peipsi,XGBoost,3,calibrated,0.30964329590945283,0.1647285114882318,0.6982474015504896
Lake Peipsi,XGBoost,5,calibrated,0.2728182226308653,0.1697777024239578,0.6695964269738366
Lake Peipsi,XGBoost,10,calibrated,0.2091470643864594,0.1807946479298761,0.6446878413830799
Lake Winnipeg,MLP,0,source_only,,0.3051441221730578,0.6961362367490718
Lake Winnipeg,MLP,1,calibrated,0.3556953543178685,0.2792210694397936,0.70009514120775
Lake Winnipeg,MLP,3,calibrated,0.36480080962411776,0.24142815916016935,0.6979457888310576
Lake Winnipeg,MLP,5,calibrated,0.31310285527356163,0.25600113316274875,0.6677142462432608
Lake Winnipeg,MLP,10,calibrated,0.3973498194592887,0.2110566988639913,0.7996358308005052
Lake Winnipeg,PLSR,0,source_only,,0.29331619508151,0.6649757900771393
Lake Winnipeg,PLSR,1,calibrated,0.126146348665472,0.35401906341131584,0.6697910430882279
Lake Winnipeg,PLSR,3,calibrated,0.1539342260713703,0.3162846129721344,0.6667341925324707
Lake Winnipeg,PLSR,5,calibrated,0.09790469465357715,0.32288496112889586,0.6389136458081809
Lake Winnipeg,PLSR,10,calibrated,0.18832361608022097,0.2870718511846734,0.7511467457733145
Lake Winnipeg,XGBoost,0,source_only,,0.2353066738573475,0.7585230084157104
Lake Winnipeg,XGBoost,1,calibrated,0.40288232148436853,0.23791540402722616,0.7586595726898963
Lake Winnipeg,XGBoost,3,calibrated,0.4184107693145141,0.22085810417186624,0.7598962771117199
Lake Winnipeg,XGBoost,5,calibrated,0.38051220585430134,0.22320272519308315,0.7253154471134206
Lake Winnipeg,XGBoost,10,calibrated,0.47275457405545285,0.18260122123502148,0.8057422969187675
Lake Łebsko,MLP,0,source_only,,0.2539261572366427,0.4547121684533324
Lake Łebsko,MLP,1,calibrated,-0.0426179265435318,0.1560070803156909,0.4570391658661424
Lake Łebsko,MLP,3,calibrated,-0.019303346424708,0.14322568996308285,0.44677186303428884
Lake Łebsko,MLP,5,calibrated,0.12946880509250455,0.12460154469442031,0.706160707769864
Lake Łebsko,MLP,10,calibrated,0.18697888606052998,0.1117369170113298,0.670149701956279
Lake Łebsko,PLSR,0,source_only,,0.7141330633669503,0.3934727070567948
Lake Łebsko,PLSR,1,calibrated,-0.010882285277609,0.16632692879652816,0.380885171811652
Lake Łebsko,PLSR,3,calibrated,-0.01189455528393885,0.14473516751446197,0.38989829234275025
Lake Łebsko,PLSR,5,calibrated,-0.00950036411166915,0.14262606001129566,0.21955758884751891
Lake Łebsko,PLSR,10,calibrated,0.08319570150052215,0.12938934428758958,0.4647562285373127
Lake Łebsko,XGBoost,0,source_only,,0.2828143988912751,0.8111478359828801
Lake Łebsko,XGBoost,1,calibrated,0.3200382327611695,0.1025659039664508,0.8112142652752096
Lake Łebsko,XGBoost,3,calibrated,0.3477327529467227,0.0935157184964577,0.8070219687420691
Lake Łebsko,XGBoost,5,calibrated,0.296805724724423,0.10197159655743049,0.7868699094862449
Lake Łebsko,XGBoost,10,calibrated,0.27377336909860084,0.09946095383446016,0.7074273086390557
Mantova,MLP,0,source_only,,0.170409439971019,0.4899687493394995
Mantova,MLP,1,calibrated,-0.0463783692143721,0.2058838227388774,0.4834798116467748
Mantova,MLP,3,calibrated,-0.04345224432811845,0.19249263669969074,0.489223433289101
Mantova,MLP,5,calibrated,-0.1839373297644214,0.21290118338816705,0.3961022805908586
Mantova,MLP,10,calibrated,-0.15146612387306047,0.2005138440942841,0.4296155890579131
Mantova,PLSR,0,source_only,,0.1571204348802796,0.5575158814500889
Mantova,PLSR,1,calibrated,0.0946039736084495,0.174740818315176,0.5554566726995736
Mantova,PLSR,3,calibrated,0.0960681579242549,0.1616614109034646,0.5512522290571824
Mantova,PLSR,5,calibrated,-0.010368238851781949,0.17878882530206164,0.4833304909073963
Mantova,PLSR,10,calibrated,0.08235263114641345,0.1665784775540452,0.5617794338217916
Mantova,XGBoost,0,source_only,,0.1570455665236411,0.4839197524340735
Mantova,XGBoost,1,calibrated,0.0677295458172599,0.1804291771410614,0.4785849401068627
Mantova,XGBoost,3,calibrated,0.03614468209601255,0.1725255923620208,0.4777610555210088
Mantova,XGBoost,5,calibrated,-0.1315689937966375,0.19963277989887254,0.34997435970549706
Mantova,XGBoost,10,calibrated,-0.06786288693959845,0.19055476095963494,0.34784022620523225
Morse Reservoir,MLP,0,source_only,,0.1446663045396294,0.3846696677487223
Morse Reservoir,MLP,1,calibrated,0.020489160871383798,0.1615097794973663,0.3844084905371694
Morse Reservoir,MLP,3,calibrated,0.001992549880371248,0.14893058236736167,0.3769045200297684
Morse Reservoir,MLP,5,calibrated,0.2488394048379462,0.11146656999500934,0.7711203005469591
Morse Reservoir,MLP,10,calibrated,0.3253419112027477,0.0949231497241721,0.78284191854482
Morse Reservoir,PLSR,0,source_only,,0.2078517177627744,0.807040188678268
Morse Reservoir,PLSR,1,calibrated,-0.5850200590102717,0.25544464217577645,0.8050805938960031
Morse Reservoir,PLSR,3,calibrated,-0.23991228862283995,0.19636013971144825,0.8036211835664189
Morse Reservoir,PLSR,5,calibrated,0.3656928137868951,0.0928173624025832,0.7937516245754185
Morse Reservoir,PLSR,10,calibrated,0.3930127336042266,0.0883877897793022,0.7913377938436287
Morse Reservoir,XGBoost,0,source_only,,0.0937126347425865,0.840722599485472
Morse Reservoir,XGBoost,1,calibrated,0.3172695281242358,0.115088700344434,0.8390278293470965
Morse Reservoir,XGBoost,3,calibrated,0.378809140581602,0.09590084651409084,0.8397051092963567
Morse Reservoir,XGBoost,5,calibrated,0.36962963891097694,0.0923961726335453,0.8028933656977888
Morse Reservoir,XGBoost,10,calibrated,0.39389752963194485,0.0879353638285614,0.7920403893008329
Taihu,MLP,0,source_only,,0.2481127817634316,0.6482194022328848
Taihu,MLP,1,calibrated,0.35009940105024956,0.2147623094184128,0.6476981293498065
Taihu,MLP,3,calibrated,0.3311716039690459,0.2005862849582834,0.6462142117465561
Taihu,MLP,5,calibrated,0.3817055246579347,0.18605018352963226,0.7207265863198876
Taihu,MLP,10,calibrated,0.41548445637576786,0.17262167597721645,0.7834811273553439
Taihu,PLSR,0,source_only,,0.2114444512300057,0.7489030701470308
Taihu,PLSR,1,calibrated,0.24338915595322244,0.24650662606838708,0.7490647065705547
Taihu,PLSR,3,calibrated,0.24786131558293625,0.2278185755534081,0.7489972617554912
Taihu,PLSR,5,calibrated,0.2069009741722157,0.2406735061670625,0.7377083489849725
Taihu,PLSR,10,calibrated,0.19319513945969716,0.23873211080131657,0.709598639355367
Taihu,XGBoost,0,source_only,,0.1752252365368314,0.7998797192446772
Taihu,XGBoost,1,calibrated,0.38537707608548466,0.21085360677677273,0.7996671043576224
Taihu,XGBoost,3,calibrated,0.3936864999033955,0.1861973896741936,0.7996617816664364
Taihu,XGBoost,5,calibrated,0.3139102691010818,0.20596622821546912,0.804474636750751
Taihu,XGBoost,10,calibrated,0.31636099752082447,0.2020337335163038,0.7895389470202182
