lake,learner,k,calibrated_spearman,source_spearman,delta_spearman,calibrated_anomaly_r2_logspace,source_anomaly_r2_logspace,delta_anomaly_r2_logspace,delta_anomaly_r2_origspace
Branched Oak Lake,MLP,1,0.7490128927056013,0.7490128927056013,0.0,0.5236760266229518,0.5236760266229518,0.0,-0.0034685924634884624
Branched Oak Lake,MLP,3,0.7531651972534583,0.7531651972534583,0.0,0.5330333749003784,0.5325858130320693,0.0003778844540594517,0.0012649216534273422
Branched Oak Lake,MLP,5,0.7595096254997564,0.7492468632963261,0.028238104423280286,0.6224561776896068,0.5189522580333685,0.10910195779701409,0.12052869973384855
Branched Oak Lake,MLP,10,0.769676288455456,0.7427937232007096,0.03094041383356838,0.6329469323021201,0.5245807571007174,0.10254453390581914,0.12294470640165728
Branched Oak Lake,PLSR,1,0.3047947255830329,0.3047947255830329,0.0,-0.04314730579776116,-0.04314730579776116,0.0,-0.09959586015254218
Branched Oak Lake,PLSR,3,0.30591796611062216,0.30591796611062216,0.0,-0.047014687229528285,-0.04649145874702176,0.0006568408808719228,-0.11746967615217013
Branched Oak Lake,PLSR,5,0.27351386847807,0.29483278607478813,-0.007917906727658353,-0.08581837234415701,-0.05598115045109098,-0.025664633562223926,-0.11533383369263173
Branched Oak Lake,PLSR,10,0.5991318751037409,0.3129657792526546,0.25847401202095394,0.30860376896395514,-0.03290243780689028,0.3360120445183421,0.2498140555492132
Branched Oak Lake,XGBoost,1,0.6555452072390366,0.6555452072390366,0.0,0.4034458614042301,0.4034458614042301,0.0,-0.01753858565375066
Branched Oak Lake,XGBoost,3,0.6560527066567563,0.6560527066567563,0.0,0.41889191700900014,0.4145564128014088,0.0024463780031539484,-0.026311265072581747
Branched Oak Lake,XGBoost,5,0.6037762825720219,0.651019504759578,-0.030759519470594965,0.30622268167876515,0.4092319477182427,-0.06878566219237053,-0.08753892799199087
Branched Oak Lake,XGBoost,10,0.6211808250539061,0.649710790795756,-0.017252836212673484,0.32536466775730205,0.41072266266030494,-0.07099860877371894,-0.06442415021665837
Chaohu,MLP,1,0.7665671343894808,0.7665671343894808,0.0,0.5869490868938596,0.5869490868938597,0.0,0.030248429967128454
Chaohu,MLP,3,0.7642208692898463,0.7642208692898463,0.0,0.5835689265023218,0.5850325443442739,0.004839448430161708,0.029713204215237488
Chaohu,MLP,5,0.7005930186586556,0.7808499050077218,-0.06924354929210325,0.5063637077684091,0.5826526833120957,-0.06002850855891789,0.01650506657600509
Chaohu,MLP,10,0.7090909090909092,0.7699336604071668,-0.036698792170878625,0.5273399727460543,0.5911842253919012,-0.04050255947449011,0.025245197856719193
Chaohu,PLSR,1,0.759037005367973,0.759037005367973,0.0,0.6103996233640913,0.6103996233640913,0.0,0.3039612967237796
Chaohu,PLSR,3,0.7652549976650693,0.7652549976650693,0.0,0.6066050945449966,0.6120640468822316,-0.002449796816465677,0.6358999745188975
Chaohu,PLSR,5,0.7079676820129573,0.7684399215182307,-0.04277304745494953,0.5053582662295115,0.6164100441155421,-0.06324292227513828,0.23057815313580554
Chaohu,PLSR,10,0.6621151663123807,0.7576837370005286,-0.040909090909091006,0.4549622733654444,0.6091606151838012,-0.08838768347731535,-0.07444870276015164
Chaohu,XGBoost,1,0.7769838834541307,0.7769838834541307,0.0,0.4853380366992145,0.4853380397242322,0.0,-0.005395633642342523
Chaohu,XGBoost,3,0.7776645381677463,0.7776645381677463,0.0,0.4857762627737403,0.4864861418961776,0.0014519435976561579,-0.006250173630936995
Chaohu,XGBoost,5,0.7108672584168898,0.7826408885622334,-0.05966790367460095,0.44280555283972894,0.49379587355726345,-0.024131135104521917,-0.04372612154783306
Chaohu,XGBoost,10,0.7167228164398003,0.7744894808829488,-0.04095055463040098,0.3797550080521665,0.4788508860289359,-0.07031755362528236,-0.13901764914556441
Dianchi,MLP,1,0.31657984922634075,0.31657984922634075,0.0,-13.893250907881692,-13.89325090788169,0.0,-122389.82272661995
Dianchi,MLP,3,0.31691352602716005,0.31691352602716005,0.0,-9.369075099090992,-13.92014275177062,5.0346890951917596,7.743089722007577
Dianchi,MLP,5,-0.001783266190954667,0.3153587047259748,-0.30287264300229955,-1.3088512250547188,-14.101676778484748,11.976339508951867,19744.087679514272
Dianchi,MLP,10,0.469899194311556,0.3185236741229259,0.14995248304706787,-0.7346682281783886,-14.130746151237524,13.168151707780346,20227.891604326465
Dianchi,PLSR,1,0.5210935474611003,0.5210935474611003,0.0,-7.562061316963309,-7.562061316963309,0.0,1109.6834177543988
Dianchi,PLSR,3,0.5225665107428179,0.5225665107428179,0.0,-6.164171311188854,-7.64600114788638,1.5250448843259834,3483.090201968329
Dianchi,PLSR,5,0.32275179147080585,0.5162629486071342,-0.19869488621730982,-2.9581533252593895,-7.710961460023569,4.4551641718540615,4484.637114277372
Dianchi,PLSR,10,0.25338118846834345,0.5136026807789248,-0.2585792191837879,-2.2969754416006434,-7.708568477548954,5.016379796490219,4559.08962394602
Dianchi,XGBoost,1,0.21585480790156825,0.21585480790156825,0.0,-2.9128018676133944,-2.9128017004757574,5.989911477932708e-08,-1.9716488093961169
Dianchi,XGBoost,3,0.21072328806588325,0.21072328806588325,0.0,-2.2559770054926784,-2.8709362867971118,0.5623330841958207,-1.0004733029475084
Dianchi,XGBoost,5,0.08843847592145201,0.21645243903104594,-0.0975995405754804,-1.7760060376103097,-2.913688272837952,1.1078492933364696,-0.32236449753277663
Dianchi,XGBoost,10,0.4049906697903174,0.21697565386892328,0.19378142372512103,-1.3710122583679047,-2.84612890084893,1.332624964148094,-0.23728270807367768
Eagle Creek Reservoir,MLP,1,0.7262622414409347,0.7262622414409347,0.0,0.44782263797647276,0.4478226379764728,0.0,-0.002599735652132895
Eagle Creek Reservoir,MLP,3,0.7280694340290794,0.7280694340290794,0.0,0.44989971708034665,0.44713209656299996,0.0023784362016417426,-0.03514822990836414
Eagle Creek Reservoir,MLP,5,0.6887964866153907,0.7293247351129168,-0.032276591357082884,0.3524271863280311,0.44857222128927327,-0.10829775013038834,-0.2470496872426065
Eagle Creek Reservoir,MLP,10,0.7536434993161258,0.7306150583418541,0.01799166580470285,0.37124249855925284,0.45560482112077016,-0.06870579562405932,-0.163733229697532
Eagle Creek Reservoir,PLSR,1,0.5355647486459185,0.5355647486459185,0.0,-0.1387764319817485,-0.13877643198174816,0.0,0.4830913535755126
Eagle Creek Reservoir,PLSR,3,0.5342082853891457,0.5342082853891457,0.0,-0.12724914532349485,-0.1510704536261931,0.020547185777751942,0.9041579515893486
Eagle Creek Reservoir,PLSR,5,0.5924568928119567,0.5359695477315087,0.06206946429389476,0.23663383869087523,-0.1371445625531379,0.34460119064106,1.7256974436913932
Eagle Creek Reservoir,PLSR,10,0.6945557869574265,0.5369946219418649,0.1683759507673958,0.3614339266491797,-0.12825946779245423,0.4895756662027139,1.859702328914381
Eagle Creek Reservoir,XGBoost,1,0.34616534900236534,0.34616534900236534,0.0,0.05089249535448337,0.05089256810583753,0.0,-0.015308075304473534
Eagle Creek Reservoir,XGBoost,3,0.3446151692294511,0.3446151692294511,0.0,0.05286498131860007,0.05090662382664457,0.0022258399363523917,-0.002443374304193613
Eagle Creek Reservoir,XGBoost,5,0.30284002303823165,0.3446334035559967,-0.028558183327867248,-0.028262924125178834,0.04913688920692727,-0.0715222357934206,-0.08733966344427074
Eagle Creek Reservoir,XGBoost,10,0.6000085481936797,0.3473970017072612,0.2582394116878131,0.30445697144601286,0.049618109743648664,0.26141549746645515,0.2680766148447
Erhai,MLP,1,0.6068992198557127,0.6068992198557127,0.0,-0.17897691217090694,-0.17897691217090694,0.0,0.2024148701971783
Erhai,MLP,3,0.6026434428161807,0.6026434428161807,0.0,-0.15523664107711688,-0.18982470570901333,0.03210518629825154,0.20071499946276683
Erhai,MLP,5,0.6507791126764036,0.603061133501555,0.04546287885739375,0.2061500501981368,-0.19048423035055317,0.38169488229430537,0.5209915506494189
Erhai,MLP,10,0.7392197899128123,0.5902915654180348,0.16991068812530286,0.38203292510690123,-0.19796300989163573,0.5652427134805533,0.6513135454270227
Erhai,PLSR,1,0.7482301516481988,0.7482301516481988,0.0,0.22946001354021095,0.22946001354021095,0.0,0.007705846153750584
Erhai,PLSR,3,0.7521393730849423,0.7521393730849423,0.0,0.22680795501490503,0.22658319922409004,0.00015322162067504808,0.0020321430772186067
Erhai,PLSR,5,0.7180568406629502,0.7494958879373173,-0.014755591713274396,0.20266990638546456,0.21953848979298585,-0.011126622685061094,0.01613889517353223
Erhai,PLSR,10,0.7339336915634203,0.7326565122538145,0.014195187683858801,0.27641233683292066,0.19596529905443477,0.07337776867099555,0.07103023455395396
Erhai,XGBoost,1,0.5424121553493049,0.5424121553493049,0.0,0.03598807981002683,0.03598812684469621,0.0,0.05382672292374513
Erhai,XGBoost,3,0.5371127197405281,0.5371127197405281,0.0,0.029667539693208955,0.02885901691914383,0.0021806919334858565,0.04532708931463958
Erhai,XGBoost,5,0.4642315286172236,0.5341397334229199,-0.04380900027564483,-0.049205783991101426,0.02221544193566688,-0.06761902541857234,0.036909331319782246
Erhai,XGBoost,10,0.5643413715467704,0.5228607403894048,0.06731796750694427,0.05871092229480984,0.004037863707833822,0.0779170179374723,0.10083433113395823
Garda,MLP,1,0.5058566137927785,0.5058566137927785,0.0,0.17027075238833,0.17027075238833,0.0,0.3465834299018472
Garda,MLP,3,0.50702934577323,0.50702934577323,0.0,0.16780223697854074,0.16886251967398402,-0.0002855514157060757,0.37369869305196657
Garda,MLP,5,0.4633363964196085,0.5083177660568974,-0.016772846323016594,0.0199858828414739,0.1697334925148385,-0.14841258900460608,0.11579500388002334
Garda,MLP,10,0.4042439183555976,0.5168676598152226,-0.07311264395650291,-0.009864198787718936,0.17528337436729313,-0.14671495261495832,-0.08823874964161077
Garda,PLSR,1,-0.1496975170078884,-0.1496975170078884,0.0,-0.09603426948850613,-0.09603426948850624,0.0,0.19324660426900708
Garda,PLSR,3,-0.1473869210362509,-0.1473869210362509,0.0,-0.0939289654234784,-0.09574825810595844,0.0007905401092686004,0.19249793027116535
Garda,PLSR,5,0.35818730726693015,-0.1374759422875885,0.5108157739359996,-0.07078033995811173,-0.0922233251164537,0.08531097841653668,0.08550648481919465
Garda,PLSR,10,0.2837734730054634,-0.13556208232435116,0.41325087636037205,-0.0827409631682936,-0.08837505193487605,0.028804860570335933,0.171437558073523
Garda,XGBoost,1,0.44973613450177297,0.44973613450177297,0.0,-0.20463401635539424,-0.20463401047304774,-1.1509998509851016e-09,6.27301419733722
Garda,XGBoost,3,0.44397752682549096,0.44397752682549096,0.0,-0.14681210903770037,-0.21459494773830678,0.05967528335454919,6.260809322582384
Garda,XGBoost,5,0.42819173491174234,0.43918981029474946,-0.00989826796944504,-0.4093157495392231,-0.20315827070143966,-0.09560133252553826,5.769328392718828
Garda,XGBoost,10,0.40760248734411825,0.4451228871887742,-0.04366067422695448,-0.301665500513875,-0.18001741704116603,-0.028317235422205655,5.2980253498556635
Geist Reservoir,MLP,1,0.06549982382490313,0.06549982382490313,0.0,0.09514816889582689,0.09514816889582678,0.0,0.01764457876560155
Geist Reservoir,MLP,3,0.06307851497954547,0.06307851497954547,0.0,0.10559790934279045,0.10178622788044456,0.003573238008438784,0.00372194321006708
Geist Reservoir,MLP,5,0.051263488375370286,0.06685904297458953,0.0008148299796057312,-0.009908753402811277,0.11418963896029838,-0.07979149276744407,-0.07798455024534595
Geist Reservoir,MLP,10,0.2616530083011336,0.05793446958001976,0.2026003494348707,0.049174073501089766,0.1405475648109094,-0.023404472720642333,-0.08867110162962077
Geist Reservoir,PLSR,1,0.29732950330213603,0.29732950330213603,0.0,0.27719316883965645,0.27719316883965633,0.0,-0.015038024170044628
Geist Reservoir,PLSR,3,0.2960797087580259,0.2960797087580259,0.0,0.29767985655196544,0.28464942691825507,0.008780064847041025,0.006138753257341534
Geist Reservoir,PLSR,5,0.2444406748974502,0.29786224480562834,-0.037843055751632715,0.25825678592413714,0.29800435488875904,-0.03340833077084876,-0.20937003117912328
Geist Reservoir,PLSR,10,0.3817867907113419,0.2872920670340778,0.118842948083956,0.21218743096599335,0.2953041290098976,-0.05896054711221377,-0.36702054412328505
Geist Reservoir,XGBoost,1,0.125746567894796,0.125746567894796,0.0,-0.06908590174760021,-0.06908596431733649,0.0,-0.0020802046007037944
Geist Reservoir,XGBoost,3,0.1355245005685869,0.1355245005685869,0.0,-0.03957277222303546,-0.05082127448626306,0.011253330142055096,-0.0004436665572897236
Geist Reservoir,XGBoost,5,0.0754850600070989,0.12849561657342812,-0.04001539349681767,-0.2997193356424198,-0.050093194377547445,-0.2234750950601273,-0.14591665966402673
Geist Reservoir,XGBoost,10,0.25163087677400675,0.13810449942487724,0.13321818753193404,-0.061335009418574504,-0.024853271290365297,-0.03652611729759547,-0.08561982199390022
High Rock Lake,MLP,1,0.6201789015895134,0.6201789015895134,0.0,0.34775694407307584,0.34775694407307595,0.0,0.09393481402288784
High Rock Lake,MLP,3,0.6175894357825732,0.6175894357825732,0.0,0.3798407222498219,0.34765640470650194,0.0447056891553258,0.3418968926146804
High Rock Lake,MLP,5,0.591557555566198,0.61703474183658,-0.01798850841670302,0.35115947269280545,0.3499526167479804,0.037965610021063745,-0.04363630943296959
High Rock Lake,MLP,10,0.5589911913941966,0.6156984799071678,-0.04247680391751596,0.2333076796025204,0.353820765330228,-0.1391341323122977,-0.7057177032364944
High Rock Lake,PLSR,1,0.6259285397693175,0.6259285397693175,0.0,-0.921208497419465,-0.9212084974194648,0.0,1029.9153905983767
High Rock Lake,PLSR,3,0.6223658242180802,0.6223658242180802,0.0,-0.3561247231913126,-0.9244419758250312,0.6301124463945338,2688.2499814785187
High Rock Lake,PLSR,5,0.6287186425651243,0.6225112606378703,0.011917152876065151,0.43231591548407783,-0.918608267441377,1.3495177906296179,2861.101362271467
High Rock Lake,PLSR,10,0.6107643078896456,0.6252882811928129,-0.004535611384704263,0.3120519651253507,-0.92917033411578,1.1923855160977845,2881.7531693910364
High Rock Lake,XGBoost,1,0.615569767338034,0.615569767338034,0.0,0.34410569321148105,0.34410569321148105,-9.121474686679676e-10,7.614722168227983
High Rock Lake,XGBoost,3,0.614164565723436,0.614164565723436,0.0,0.39166402828605307,0.34518898079955224,0.04704212282996645,11.406761428844888
High Rock Lake,XGBoost,5,0.6033464518902354,0.6120453070386616,-0.0005677697812497828,0.45885880335182017,0.34335820005466827,0.12870272404580108,13.631575726584963
High Rock Lake,XGBoost,10,0.5897428726683118,0.6103009341263144,-0.010166148660839425,0.33223374045750315,0.3491926272100646,-0.041419170924682724,12.749344768571651
Ibitinga Reservoir,MLP,1,0.7436250589350255,0.7436250589350255,0.0,0.7190107333992037,0.7190107333992037,0.0,-0.32601932027254765
Ibitinga Reservoir,MLP,3,0.7455996965954108,0.7455996965954108,0.0,0.7218421525665696,0.7182154460871331,0.004761653426195056,-0.24724546652586832
Ibitinga Reservoir,MLP,5,0.6975537648088926,0.7493823883068251,-0.023968372365023916,0.7063927555631505,0.727487150214734,0.011596673132049484,-0.05532527309815066
Ibitinga Reservoir,MLP,10,0.7623230819087345,0.7355375825687381,0.024264329511295313,0.6509613859560295,0.7103284665020639,-0.02283767719938723,-0.4149678012165786
Ibitinga Reservoir,PLSR,1,0.5664987615295574,0.5664987615295574,0.0,0.6042775801618754,0.6042775801618755,0.0,-0.14937158833433173
Ibitinga Reservoir,PLSR,3,0.5703291310061581,0.5703291310061581,0.0,0.6176857973761256,0.6090209630651662,0.011889228978547106,-0.11058218121058894
Ibitinga Reservoir,PLSR,5,0.4796737444743345,0.5749227788725919,-0.06820709879857356,0.5803807226479127,0.6178978642594373,0.0322446917292496,-0.7421345585262933
Ibitinga Reservoir,PLSR,10,0.6780272399717058,0.5442811369791074,0.12754988754740948,0.31650363541735743,0.5939766453751847,-0.24238927845314112,-199.43589919196125
Ibitinga Reservoir,XGBoost,1,0.6974046126638135,0.6974046126638135,0.0,0.6146918228522146,0.6146918622099893,0.0,-0.20441649698512065
Ibitinga Reservoir,XGBoost,3,0.6930256939317891,0.6930256939317891,0.0,0.6235562436456288,0.6145375333535805,0.010401987084761588,-0.16816073287710243
Ibitinga Reservoir,XGBoost,5,0.603140153250344,0.6863569813905684,-0.08353930827848915,0.6850374343930334,0.6190927162482771,0.05943366888718937,0.014625342609010494
Ibitinga Reservoir,XGBoost,10,0.7503229140317962,0.6623645694253623,0.07900868557773577,0.7225919938096836,0.6147669174507229,0.09425267250851277,-1.057015727559774
Lake Chotkowskie,MLP,1,0.9181818181818181,0.9181818181818181,0.0,0.7078820632835723,0.7078820632835723,0.0,-0.07774815004776259
Lake Chotkowskie,MLP,3,0.9149122807017543,0.9149122807017543,0.0,0.715238886554122,0.7059895472306531,0.009305813447745281,-0.05308834293943726
Lake Chotkowskie,MLP,5,0.9056372549019609,0.911764705882353,-0.003676470588235281,0.7094786900258888,0.7109573527400812,0.03223833861930159,-0.18690081004217712
Lake Chotkowskie,MLP,10,0.9020979020979022,0.9055944055944056,0.0,0.7344040201391393,0.7216231448389638,0.04143320828995306,-0.07431131580521472
Lake Chotkowskie,PLSR,1,0.8668831168831168,0.8668831168831168,0.0,0.278525707980995,0.278525707980995,0.0,0.0014234127714192746
Lake Chotkowskie,PLSR,3,0.8614035087719297,0.8614035087719297,0.0,0.28296084340442945,0.27905141177442416,0.0038996529680687675,-0.03644179474788911
Lake Chotkowskie,PLSR,5,0.8002450980392157,0.8578431372549021,-0.06127450980392152,0.4665324447255768,0.2849224718235703,0.20709716720288418,-2.0328797681166906
Lake Chotkowskie,PLSR,10,0.8811188811188813,0.8391608391608393,0.020979020979020935,0.5747512300343802,0.29059155765635436,0.32791768380276864,-1.3678834958917707
Lake Chotkowskie,XGBoost,1,0.9194805194805193,0.9194805194805193,0.0,0.8094499151012542,0.8094499151012542,0.0,-0.06040248862541664
Lake Chotkowskie,XGBoost,3,0.9149122807017543,0.9149122807017543,0.0,0.816104553029223,0.8082530623251957,0.006385080305497393,-0.0233479284534161
Lake Chotkowskie,XGBoost,5,0.9093137254901962,0.911764705882353,0.0,0.7935748092502869,0.8080104542213828,-0.008418181777451406,-0.13131440268643568
Lake Chotkowskie,XGBoost,10,0.9020979020979022,0.9090909090909092,-0.006993006993006867,0.8232467433678219,0.8097042108743968,0.02609645887576978,-0.034181024302938345
Lake Erie,MLP,1,0.8050092573449263,0.8050092573449263,0.0,0.38042259658382305,0.380422596583823,0.0,31531.740963332584
Lake Erie,MLP,3,0.8045657011510015,0.8045657011510015,0.0,0.38532916371382403,0.3796074645135771,0.006210260937253853,39723.26730179526
Lake Erie,MLP,5,0.7746642497232624,0.8051509697710201,-0.03110720166583114,0.29976579878111514,0.37902955233581237,-0.08542221601479177,47233.66668988728
Lake Erie,MLP,10,0.8358282695958034,0.8048152277564755,0.029959984882303115,-0.021489310696957697,0.37641555846087654,-0.4366509359088088,-188215.23812926054
Lake Erie,PLSR,1,0.731044876600071,0.731044876600071,0.0,-0.5226206007089984,-0.5226206007089986,0.0,5667.880020157485
Lake Erie,PLSR,3,0.7308027121205611,0.7308027121205611,0.0,-0.39549030390522555,-0.5234730832094712,0.13457970875883485,43332.3226654046
Lake Erie,PLSR,5,0.7002900115648691,0.7305137353734521,-0.029964738239491417,0.1288896006063514,-0.5243986203662897,0.6390934442986983,100539.54652435707
Lake Erie,PLSR,10,0.6911013681105165,0.7309663948968503,-0.0384585280613009,-0.12590159683290292,-0.5235141745406316,0.389197668870343,54770.88318215433
Lake Erie,XGBoost,1,0.7838636958183249,0.7838636958183249,0.0,0.5593658516563975,0.5593658506422688,1.2586470754527568e-10,0.614741487081601
Lake Erie,XGBoost,3,0.783563389942028,0.783563389942028,0.0,0.5576089047774968,0.5594069424872079,-0.0010691244627771823,0.650892481351149
Lake Erie,XGBoost,5,0.7716100690342049,0.7836704368235572,-0.011689200516412812,0.514507735030231,0.5595015979071377,-0.04534448676686509,0.5734894924791971
Lake Erie,XGBoost,10,0.8098624161928796,0.7838276108460029,0.024625648847408477,0.3721340219952964,0.5592318009857675,-0.18174267464167038,-512.8990556839917
Lake Geneva,MLP,1,0.5548729092001964,0.5548729092001964,0.0,0.43702459902625507,0.4370245990262551,0.0,0.6738699133225345
Lake Geneva,MLP,3,0.5528651893298939,0.5528651893298939,0.0,0.44473197058415626,0.44302165369457763,-0.0008380843162429374,0.6505003924411967
Lake Geneva,MLP,5,0.5064759084683947,0.5295178419140133,0.0,0.3833106180200441,0.43960172686273635,0.009153836914934266,0.5888769562384568
Lake Geneva,MLP,10,0.6484848484848483,0.5826945271874246,0.10621742575826001,0.41816830326973975,0.4614634014093863,0.04679874772422504,0.47464792788571303
Lake Geneva,PLSR,1,0.8244076926249755,0.8244076926249755,0.0,0.5125586727479794,0.5125586727479794,0.0,-0.17149118894156318
Lake Geneva,PLSR,3,0.8186274509803922,0.8186274509803922,0.0,0.5151444660289012,0.5050514660917138,0.0073782015193646355,-0.14943764706405332
Lake Geneva,PLSR,5,0.5701521490256695,0.817329091968902,-0.25289758938116275,0.3852686837501106,0.5030957289784721,-0.111241845122512,-0.22963281320333984
Lake Geneva,PLSR,10,0.776929111145932,0.8406669463513657,-0.01820026755801274,0.38826480783984135,0.5313403192470458,-0.1406957999070093,0.15535055359785133
Lake Geneva,XGBoost,1,0.3791136828325801,0.3791136828325801,0.0,0.07369172786062173,0.0736917266513677,-6.010536512945919e-10,0.6846505512017962
Lake Geneva,XGBoost,3,0.3631904574433318,0.3631904574433318,0.0,0.11398363223174773,0.08533418810247495,0.026765890577452045,0.7146724711879449
Lake Geneva,XGBoost,5,0.453083290840148,0.3620921218541346,0.10008940547159084,0.19787474084878248,0.07092721331578067,0.19831186409844542,0.9278132317268364
Lake Geneva,XGBoost,10,0.6100133779006383,0.4024465059906087,0.19786720403826732,0.28827783467926243,0.1275829577155318,0.16743599317651664,0.5769877505717489
Lake Hume,MLP,1,0.8291748791168313,0.8291748791168313,0.0,0.719123041986443,0.719123041986443,0.0,0.032073576586317154
Lake Hume,MLP,3,0.8292840002977817,0.8292840002977817,0.0,0.717509418542687,0.7187607301140415,0.001418746541110738,0.05722704776023507
Lake Hume,MLP,5,0.8059291047643204,0.8323655310044091,-0.014671047989965547,0.5886176259939591,0.728632929086651,-0.10951406941044112,-0.27977740351531283
Lake Hume,MLP,10,0.8390195900566733,0.8253988524618112,0.02106170726654305,0.7209981958942007,0.7196546367787204,0.03683460850043552,0.021681783223968243
Lake Hume,PLSR,1,0.6685270339876893,0.6685270339876893,0.0,0.36353182454031274,0.36353182454031274,0.0,-0.0444776170320364
Lake Hume,PLSR,3,0.6673746664924071,0.6673746664924071,0.0,0.3686295804893706,0.36555749924445746,0.001978394630647917,-0.08037147517050108
Lake Hume,PLSR,5,0.5467812443052549,0.6728807761709654,-0.11171391750692525,0.4771116928407237,0.373646030344207,0.12128399273506535,-0.010614214404762456
Lake Hume,PLSR,10,0.7939636933464048,0.6805025301032179,0.10187238545182342,0.44742057749469566,0.3629058251420704,0.18019009098984085,-0.04196827566918748
Lake Hume,XGBoost,1,0.6245896294785949,0.6245896294785949,0.0,0.4771756824395207,0.4771756933779704,0.0,-0.031993491718068034
Lake Hume,XGBoost,3,0.6107607493751712,0.6107607493751712,0.0,0.4725451328947441,0.46992598189538237,1.1456653460417687e-05,-0.01020070316648286
Lake Hume,XGBoost,5,0.5316881307363837,0.6246179779530072,-0.055625539686168735,0.21174700394178608,0.4799275616187528,-0.23242309996068278,-0.4974170534073436
Lake Hume,XGBoost,10,0.6457691882952346,0.6338608279287015,0.050994734077992154,0.4873664875398927,0.4904888986473078,0.0884226811614241,-0.003795706197364246
Lake Jasień Południowy,MLP,1,0.7701298701298702,0.7701298701298702,0.0,0.6058936068809793,0.6058936068809794,0.0,-0.04116520439904536
Lake Jasień Południowy,MLP,3,0.7649122807017543,0.7649122807017543,0.0,0.599643448323827,0.5945229247354964,0.0029440696360629737,-0.04380998882730058
Lake Jasień Południowy,MLP,5,0.6973039215686275,0.761029411764706,-0.045343137254901966,0.5462694112470121,0.6032928405572685,-0.03960599816345112,-0.09837705502999128
Lake Jasień Południowy,MLP,10,0.7272727272727274,0.7727272727272728,-0.0174825174825175,0.5781746041690352,0.608552453242743,-0.005846853761052262,-0.032869002528373714
Lake Jasień Południowy,PLSR,1,0.5623376623376624,0.5623376623376624,0.0,0.17723766888207126,0.17723766888207126,0.0,-0.1145386213384329
Lake Jasień Południowy,PLSR,3,0.5473684210526315,0.5473684210526315,0.0,0.17728722673889347,0.17610485803078163,0.000938779869272377,-0.1144125065977537
Lake Jasień Południowy,PLSR,5,0.3026960784313726,0.553921568627451,-0.19607843137254907,0.038218300286425866,0.17846978120746138,-0.14440082784762853,-0.2843988222220169
Lake Jasień Południowy,PLSR,10,0.7272727272727274,0.5909090909090909,0.12237762237762237,0.4911681805855011,0.17404353649798365,0.2923028547922217,0.16119632793293065
Lake Jasień Południowy,XGBoost,1,0.7402597402597402,0.7402597402597402,0.0,0.5837794657320536,0.583779445250074,0.0,-0.04478763246680145
Lake Jasień Południowy,XGBoost,3,0.719298245614035,0.719298245614035,0.0,0.5690119556928516,0.5653850058749991,0.0020917869561891678,-0.02516418570888551
Lake Jasień Południowy,XGBoost,5,0.7561274509803922,0.7389705882352943,-0.003676470588235281,0.540860672280782,0.5842306531290079,-0.06683936234185761,-0.12224828693628736
Lake Jasień Południowy,XGBoost,10,0.7727272727272728,0.7342657342657343,0.02097902097902099,0.6552001944887524,0.6054637001532274,0.04650345631102526,0.01293940242528746
Lake Jeleń,MLP,1,0.666666807401513,0.666666807401513,0.0,0.2907485752725846,0.2907485752725846,0.0,-0.12472729140351013
Lake Jeleń,MLP,3,0.6710556165604531,0.6710556165604531,0.0,0.2945687750137853,0.29367350890376953,0.0008574448923729938,-0.11669733229206292
Lake Jeleń,MLP,5,0.582643689823794,0.6691197148351478,-0.07543796633923683,0.3746084873151726,0.28820691968764056,0.11611762417796734,0.04474229473503
Lake Jeleń,MLP,10,0.5849396010625192,0.663172717302889,-0.07692307692307698,0.3830928879058018,0.28090036060362006,0.12568797225043332,0.06196247850081671
Lake Jeleń,PLSR,1,0.3689509775622259,0.3689509775622259,0.0,0.13646364628833774,0.13646364628833796,0.0,-0.12588847056872038
Lake Jeleń,PLSR,3,0.3621599288687991,0.3621599288687991,0.0,0.13531850670186962,0.13557937713362828,0.00017539693429430292,-0.12597014578718163
Lake Jeleń,PLSR,5,0.4201162010788736,0.36959841051865805,0.10239119030600027,0.2189605813060339,0.13583841215414133,0.1278279736385543,0.044752996332317885
Lake Jeleń,PLSR,10,0.5061303733744553,0.3636363636363637,0.11208423493413547,0.26624588664503634,0.12355118673231547,0.14634472382104707,0.10101107589655084
Lake Jeleń,XGBoost,1,0.6326729791295915,0.6326729791295915,0.0,0.2833733329823708,0.28337333298237066,-1.1102230246251565e-16,0.330099799115622
Lake Jeleń,XGBoost,3,0.6456002657755118,0.6456002657755118,0.0,0.3003035222825618,0.290681929509351,0.008348829925237777,0.33620205957308597
Lake Jeleń,XGBoost,5,0.5950924725000537,0.6425507032376544,-0.026372105081719444,0.19142333853185123,0.29514186457229546,-0.043827808228233844,0.2180507637223007
Lake Jeleń,XGBoost,10,0.5721778225611629,0.6223776223776225,-0.028021058733533832,0.1679244273577607,0.2754852248361255,-0.03285648535188673,0.25834654494589615
Lake Kasumigaura,MLP,1,0.5770029238893619,0.5770029238893619,0.0,0.34230659653804707,0.34230659653804707,0.0,-0.2262267648938588
Lake Kasumigaura,MLP,3,0.5764679626850033,0.5764679626850033,0.0,0.3573101915418487,0.3426249636871779,0.017103410666908736,-0.15737875772457577
Lake Kasumigaura,MLP,5,0.5440289257672823,0.575663414164332,-0.030490775960685557,0.3449235823503568,0.34254683036082434,0.004945116887538625,-0.21189551635677695
Lake Kasumigaura,MLP,10,0.6262179573816486,0.5744054949170956,0.057503906488938106,0.367264149665747,0.33722742311941223,0.034054308906056485,-0.2232282393906534
Lake Kasumigaura,PLSR,1,0.403983389115978,0.403983389115978,0.0,-0.11161414236416523,-0.111614142364165,0.0,-0.23347940108416648
Lake Kasumigaura,PLSR,3,0.40404755451693786,0.40404755451693786,0.0,-0.06792381573726625,-0.1109729732412531,0.04544116663196218,-0.28530684232710685
Lake Kasumigaura,PLSR,5,0.35508874537217416,0.4030445278066769,-0.03960350503694307,-0.1075840457577859,-0.10956726436481234,-0.00641234586523276,-0.4005830915719714
Lake Kasumigaura,PLSR,10,0.4557866623420961,0.404120353925007,0.05500511121498952,-0.030012586660184803,-0.1127749104921204,0.09875767865204366,-0.3567113860615315
Lake Kasumigaura,XGBoost,1,0.667176381557231,0.667176381557231,0.0,0.27755753276526535,0.27755755876091603,0.0,-0.316259253333566
Lake Kasumigaura,XGBoost,3,0.6657355891768939,0.6657355891768939,0.0,0.2927541044044168,0.27669303955136615,0.018324729930284278,-0.30964267662370015
Lake Kasumigaura,XGBoost,5,0.6615674909376261,0.6645908671339289,-0.0024475174883069606,0.34474755785046235,0.2746760324442937,0.07032919883014255,-0.1357508259361913
Lake Kasumigaura,XGBoost,10,0.7023709750331787,0.6644881083948726,0.03951047167568855,0.4502513834945523,0.2742539406893873,0.1805359838204611,0.021222772091221753
Lake Kummerow,MLP,1,0.49865262381589787,0.49865262381589787,0.0,-0.007334958904886557,-0.007334958904886668,0.0,2.8292878783753435
Lake Kummerow,MLP,3,0.48924103700672267,0.48924103700672267,0.0,-0.029667340769582773,-0.027678706065931924,-0.001984024861039657,3.0356652591750106
Lake Kummerow,MLP,5,0.39954561302641967,0.5050375118895414,-0.023093700670708428,-0.34929677323982233,-0.015231749972256847,-0.3419630398298647,1.6402329112805674
Lake Kummerow,MLP,10,0.25891770769207056,0.5239517961177858,-0.2444738907752528,-0.2301519032385113,0.02958813528644827,-0.3158450671089348,1.9737546170979003
Lake Kummerow,PLSR,1,0.49509166338208244,0.49509166338208244,0.0,0.0010438921846471771,0.0010438921846471771,0.0,2.3009115217024356
Lake Kummerow,PLSR,3,0.48169276226994695,0.48169276226994695,0.0,-0.014339895360637955,-0.012005026059190516,-0.0006064595455400057,2.650940578410168
Lake Kummerow,PLSR,5,0.37524390904030513,0.5056917254174892,-0.05165693098286578,-0.29570077980526,-0.004616103393531468,-0.2905994102123184,1.544494817568019
Lake Kummerow,PLSR,10,0.04269092796834022,0.5185989391351351,-0.478292991885524,-0.21019917341074779,0.008316683940957748,-0.2339218347112419,1.6751938381080782
Lake Kummerow,XGBoost,1,0.5086641822863328,0.5086641822863328,0.0,0.17942170312119793,0.1794217089234399,0.0,1.2275583294498273
Lake Kummerow,XGBoost,3,0.49239588450893956,0.49239588450893956,0.0,0.16715738842498862,0.16745875134125504,-0.001358993339063308,1.294783868799793
Lake Kummerow,XGBoost,5,0.4254362576702445,0.5131626020278673,-0.04617151138891709,0.011568001099633851,0.1787012871984125,-0.174230982669979,1.0053498601880477
Lake Kummerow,XGBoost,10,0.3737523371144504,0.5314689636737753,-0.08980446249059701,0.10555755583645632,0.20584875520396645,-0.12836117915719952,1.0620807645163988
Lake Obłęże,MLP,1,0.7894736842105263,0.7894736842105263,0.0,0.5416251296101282,0.5416251296101282,0.0,0.08844233338225105
Lake Obłęże,MLP,3,0.7732843137254903,0.7732843137254903,0.0,0.5430798726473118,0.5461457541059702,0.001208601479586735,0.07962921845347759
Lake Obłęże,MLP,5,0.7660714285714285,0.782142857142857,0.0,0.5338351429641041,0.5446433722440885,-0.016193886213386688,-0.05853080139908656
Lake Obłęże,MLP,10,0.7454545454545454,0.7454545454545454,0.0,0.5009737462201901,0.5259787011033337,0.0050729504654606905,0.05216413989819141
Lake Obłęże,PLSR,1,0.7070175438596492,0.7070175438596492,0.0,0.4178902843285487,0.4178902843285487,0.0,-0.053487548199890544
Lake Obłęże,PLSR,3,0.7132352941176472,0.7132352941176472,0.0,0.4204264461695298,0.41768967573413146,0.0021324259780210464,-0.05636358746916936
Lake Obłęże,PLSR,5,0.7124999999999999,0.7214285714285712,0.0,0.34805898402697405,0.43065414069162244,-0.0730081874193172,-0.9444000604854531
Lake Obłęże,PLSR,10,0.709090909090909,0.709090909090909,0.03636363636363632,0.3458942983906703,0.4282571003104772,0.04487956365163209,-0.211847014657711
Lake Obłęże,XGBoost,1,0.8175438596491227,0.8175438596491227,0.0,0.7230264892051967,0.72302647949848,0.0,0.29882079668038186
Lake Obłęże,XGBoost,3,0.8149509803921569,0.8149509803921569,0.0,0.7171936549675001,0.7169983019706672,-0.0010246101996783663,0.2949779945192587
Lake Obłęże,XGBoost,5,0.7839285714285713,0.8107142857142855,-0.0035714285714286143,0.6265384043449281,0.7285788637806793,-0.04916008834873281,0.03559107336524625
Lake Obłęże,XGBoost,10,0.7757575757575756,0.7939393939393938,0.0,0.6209860761266304,0.7136388108159863,-0.04366416365567444,0.2112013806793177
Lake Peipsi,MLP,1,0.6018655132518183,0.6018655132518183,0.0,0.17035227937471464,0.17035227937471464,0.0,-0.09600106140379316
Lake Peipsi,MLP,3,0.6008737889609825,0.6008737889609825,0.0,0.1680852578327639,0.1662961812271192,0.0034512127238183754,-0.09605075388010553
Lake Peipsi,MLP,5,0.5562458551497309,0.5957215475373672,-0.025426150331507247,0.13741049586842347,0.16301704457985822,-0.01279078990368604,-0.0926020830099828
Lake Peipsi,MLP,10,0.4717845043395861,0.5994412365536399,-0.10603423211606158,0.04029762159249006,0.1564502440107251,-0.16664525358871357,-0.11377091131075501
Lake Peipsi,PLSR,1,0.48067770263089366,0.48067770263089366,0.0,0.1441173247212828,0.14411732472128286,0.0,0.042068337399458755
Lake Peipsi,PLSR,3,0.48598743906450614,0.48598743906450614,0.0,0.1449104954116584,0.14484000600965957,0.000179730425013791,0.048763435384719445
Lake Peipsi,PLSR,5,0.4616509191989504,0.47685091213536834,-0.008989996151371443,0.11087357274438597,0.14372662611580567,-0.03370754838997725,0.025982767652299732
Lake Peipsi,PLSR,10,0.49569770370358085,0.4746725526964649,0.04230715148657868,0.10046085894282403,0.14137412607156985,-0.04612950434350083,0.015115016579111795
Lake Peipsi,XGBoost,1,0.6976191765183267,0.6976191765183267,0.0,0.36032092628107126,0.36032092628107126,0.0,-0.04423608906563331
Lake Peipsi,XGBoost,3,0.6982474015504896,0.6982474015504896,0.0,0.35713876759932156,0.35762474630649216,-0.00038876649883728964,-0.02680800328388505
Lake Peipsi,XGBoost,5,0.6695964269738366,0.6961737387295605,-0.015614154932369562,0.30831544703217306,0.35335304279506846,-0.03432072485459764,-0.07967277301990638
Lake Peipsi,XGBoost,10,0.6446878413830799,0.6937037350791548,-0.0366270588661583,0.2632358741334183,0.35071246093877606,-0.09353125908895832,-0.13962988496348738
Lake Winnipeg,MLP,1,0.70009514120775,0.70009514120775,0.0,0.5996296868660681,0.5996296868660681,0.0,0.9707271626507599
Lake Winnipeg,MLP,3,0.6979457888310576,0.6979457888310576,0.0,0.590766451029562,0.5991004478071779,-0.00505936424449982,0.8681707303290332
Lake Winnipeg,MLP,5,0.6677142462432608,0.6972795497185742,-0.013555982940941458,0.5572321059945137,0.5930962743032335,-0.043920775057794625,0.8936499225164598
Lake Winnipeg,MLP,10,0.7996358308005052,0.7031758856850463,0.09986343593711333,0.6648098366329797,0.6037687714437244,0.05540257005049254,0.8005177773432383
Lake Winnipeg,PLSR,1,0.6697910430882279,0.6697910430882279,0.0,0.36489127910586155,0.36489127910586167,0.0,0.2779509424342942
Lake Winnipeg,PLSR,3,0.6667341925324707,0.6667341925324707,0.0,0.3621519927907813,0.3627986950438609,-0.006903949380100027,0.2961074134510866
Lake Winnipeg,PLSR,5,0.6389136458081809,0.657097963782665,-0.003987053806159269,0.25320926146835426,0.3473406873949514,-0.09944966984346681,0.10297125947068014
Lake Winnipeg,PLSR,10,0.7511467457733145,0.6743933774791855,0.08256880754193341,0.3692967972567413,0.346715628717893,0.02614497568287205,-0.37397670474606304
Lake Winnipeg,XGBoost,1,0.7586595726898963,0.7586595726898963,0.0,0.714586818556842,0.714586818556842,5.551115123125783e-17,0.12011749883343376
Lake Winnipeg,XGBoost,3,0.7598962771117199,0.7598962771117199,0.0,0.7090447133742753,0.7146622396606781,-0.004679780660356125,0.10840329910755653
Lake Winnipeg,XGBoost,5,0.7253154471134206,0.7542567670946001,-0.011539002780178498,0.6733954300276648,0.7120774652499902,-0.024538516537954136,0.14975545753042052
Lake Winnipeg,XGBoost,10,0.8057422969187675,0.7644257703081233,0.048322711792989026,0.7427358908470736,0.7215342794262194,0.020177371220844065,0.2929001791116075
Lake Łebsko,MLP,1,0.4570391658661424,0.4570391658661424,0.0,-0.21986258324647068,-0.2198625832464708,0.0,-0.5009329413433776
Lake Łebsko,MLP,3,0.44677186303428884,0.44677186303428884,0.0,-0.19349453189142352,-0.22018769299240648,0.048167575200800394,-0.3408288834215406
Lake Łebsko,MLP,5,0.706160707769864,0.4722498266667617,0.2306048078406813,0.15340155489212387,-0.20264354105946014,0.35110366910459834,0.10036007136708425
Lake Łebsko,MLP,10,0.670149701956279,0.45602199633938467,0.1942682922653211,0.1940651928521186,-0.1768034633928003,0.40981337073135066,0.1492452782360713
Lake Łebsko,PLSR,1,0.38088517181165205,0.38088517181165205,0.0,-0.18903063284614885,-0.18903063284614896,0.0,-0.6969134980614282
Lake Łebsko,PLSR,3,0.38989829234275025,0.38989829234275025,0.0,-0.15340164674368162,-0.1823262146575062,0.02419805457183133,-0.5208761265071666
Lake Łebsko,PLSR,5,0.21955758884751897,0.3689676925450901,-0.15607822093587836,-0.11464517725005463,-0.17505471312493592,0.07959485303883695,-0.28481815574441377
Lake Łebsko,PLSR,10,0.4647562285373127,0.34552908911240504,0.12316328175311358,-0.023419985050908476,-0.23249777924657689,0.23229577512884825,-0.51333751168816
Lake Łebsko,XGBoost,1,0.8112142652752096,0.8112142652752096,0.0,0.48227017093937274,0.48227011200236136,-2.102300811213098e-08,-0.04137566318940056
Lake Łebsko,XGBoost,3,0.8070219687420691,0.8070219687420691,0.0,0.4879221350062924,0.483603700574325,0.01105761534954569,-0.002072348590238471
Lake Łebsko,XGBoost,5,0.7868699094862449,0.8082448919068366,-0.012217473263082423,0.4244041667077432,0.48104463184021784,-0.03301669586109268,-0.06934653636606047
Lake Łebsko,XGBoost,10,0.7074273086390557,0.7981353848061274,-0.06551821780609213,0.373223715341874,0.48263038382759627,-0.057451589426953165,-0.12577645245430646
Mantova,MLP,1,0.4834798116467749,0.4834798116467749,0.0,0.0018352284562010435,0.0018352284562009324,0.0,0.027315590300228565
Mantova,MLP,3,0.489223433289101,0.489223433289101,0.0,0.010777602404010656,0.0011986559143905007,0.008674899104083977,0.039686352892006616
Mantova,MLP,5,0.3961022805908587,0.49166593231255884,-0.09094829633435211,-0.09039384704473985,0.016611397915078707,-0.09496864036468533,-0.02182600484512931
Mantova,MLP,10,0.4296155890579131,0.4734536131421794,-0.04448800752621043,-0.13674664039524065,0.016039021398049524,-0.11931588631726947,-0.05409565959188595
Mantova,PLSR,1,0.5554566726995736,0.5554566726995736,0.0,0.14868678630703686,0.14868678630703686,0.0,-0.013178236404585708
Mantova,PLSR,3,0.5512522290571824,0.5512522290571824,0.0,0.14578404117671656,0.14546733748984575,-0.00013932355824086695,-0.005936766138328997
Mantova,PLSR,5,0.4833304909073963,0.5494017094017093,-0.08565566888737375,0.16398254811686114,0.14507164733742844,0.009108160504742502,0.0521784382570985
Mantova,PLSR,10,0.5617794338217916,0.5642857142857143,0.01721042884359897,0.1974812722156551,0.16969851359942384,0.05764692223344264,0.06266220825612723
Mantova,XGBoost,1,0.4785849401068627,0.4785849401068627,0.0,0.053183033314165684,0.05318307838802244,0.0,-0.017736643087491732
Mantova,XGBoost,3,0.47776105552100884,0.47776105552100884,0.0,0.05406130833029871,0.053073316794798375,0.002519273794846233,0.0005342461318777469
Mantova,XGBoost,5,0.3499743597054971,0.49081126068589453,-0.10701760769990012,-0.094783377707931,0.06357635704894138,-0.1262055965998934,-0.012702039925232667
Mantova,XGBoost,10,0.3478402262052323,0.46818181818181814,-0.09350649350649348,-0.08495409642788065,0.07089972285808155,-0.10797953529903154,-0.06428000996621475
Morse Reservoir,MLP,1,0.3844084905371694,0.3844084905371694,0.0,-0.25024641478195964,-0.25024641478195964,0.0,-0.1632885726054285
Morse Reservoir,MLP,3,0.3769045200297684,0.3769045200297684,0.0,-0.20387331694061406,-0.24115636555090703,0.028294232443196732,-0.2246669468299115
Morse Reservoir,MLP,5,0.7711203005469591,0.38286149275564,0.36968678616085926,0.38865206192420054,-0.23408916700422355,0.6560242429800083,0.5196187263726307
Morse Reservoir,MLP,10,0.78284191854482,0.39719068178468697,0.3813838827417896,0.46044447900032104,-0.22790338740071525,0.6989806064053481,0.5883890913969299
Morse Reservoir,PLSR,1,0.8050805938960031,0.8050805938960031,0.0,-1.8127599076405287,-1.8127599076405287,0.0,-3.5846285686468375
Morse Reservoir,PLSR,3,0.8036211835664189,0.8036211835664189,0.0,-1.1976028907926999,-1.8067432105138335,0.6473816775610766,7.852578209087905
Morse Reservoir,PLSR,5,0.7937516245754185,0.802920507896014,-0.007328592464593386,0.4651797523166253,-1.8297160512731536,2.2834555364457687,14.163721911755395
Morse Reservoir,PLSR,10,0.7913377938436287,0.8034965944748268,-0.006797069882184703,0.416654111709193,-1.8131931373567773,2.2130124898379866,14.29584609937487
Morse Reservoir,XGBoost,1,0.8390278293470965,0.8390278293470965,0.0,0.47458266759197637,0.4745826666189608,0.0,-0.17811909790557634
Morse Reservoir,XGBoost,3,0.8397051092963567,0.8397051092963567,0.0,0.486762755658894,0.4751143213076537,0.015562875358361483,-0.1058265714119746
Morse Reservoir,XGBoost,5,0.8028933656977888,0.8374321433676137,-0.03344419193625742,0.5705118054442406,0.472136703869601,0.1149014276760551,0.21518885883855848
Morse Reservoir,XGBoost,10,0.7920403893008329,0.8379592951920063,-0.047250038113919535,0.5814185664079692,0.47795725483133655,0.12048636446328942,0.19962573993720883
Taihu,MLP,1,0.6476981293498065,0.6476981293498065,0.0,0.36504605664815126,0.3650460566481512,0.0,-0.16120369210983915
Taihu,MLP,3,0.6462142117465561,0.6462142117465561,0.0,0.362101661164091,0.36408676515379507,-0.0018646056990945792,-0.24059504942869397
Taihu,MLP,5,0.7207265863198876,0.6452085856551744,0.07720101940704166,0.4611439010299402,0.3616939387936754,0.11135104688085867,0.06467934038506812
Taihu,MLP,10,0.7834811273553439,0.6451551813465066,0.1392675688329224,0.3924833242092973,0.3575783558196719,0.03030249461509177,-25.600147737152522
Taihu,PLSR,1,0.7490647065705547,0.7490647065705547,0.0,0.4201778945231539,0.4201778945231537,0.0,39.313502716831266
Taihu,PLSR,3,0.7489972617554912,0.7489972617554912,0.0,0.44051051416401743,0.4206489546871472,0.01584266502620385,90.36284422770831
Taihu,PLSR,5,0.7377083489849725,0.7486257556641984,-0.00849831231457765,0.3680024770348448,0.42066858139118785,-0.04722144039959586,266.4925547858833
Taihu,PLSR,10,0.709598639355367,0.7479462446271556,-0.034648546053149654,0.3611596275490507,0.41741350968011465,-0.0434039297963863,401.0390838556807
Taihu,XGBoost,1,0.7996671043576224,0.7996671043576224,0.0,0.580732223849046,0.5807322271105927,-6.020348108926044e-10,-0.07822473338098451
Taihu,XGBoost,3,0.7996617816664364,0.7996617816664364,0.0,0.5808427454361118,0.5807539681513586,0.0011743071488884427,-0.02939458830685454
Taihu,XGBoost,5,0.804474636750751,0.7993497027154295,0.0032681306351902695,0.5400182951030341,0.5798175828107617,-0.0332816605677404,-0.3342488882072514
Taihu,XGBoost,10,0.7895389470202182,0.7973225509161522,-0.008265555502103838,0.5041462843292994,0.573963825589197,-0.06480887920287803,-0.5267743206429376
