Site_name,Country,Water_body_type,n_raw,lat_min,lat_max,lon_min,lon_max,TSS_min,TSS_max,TSS_median,n_group,n_unique_dates,is_lake_reservoir,eligible_n_group_ge20,eligible_n_group_ge15,eligible_n_group_ge10,tss_dynamic_range_ratio
Lake Erie,Canada,1,550,41.1941166666667,42.84472222,-83.5747,-79.57361111,0.449999999999993,145.8,9.49,526,95,True,True,True,True,324.00000000000506
Guiana,France,3,230,4.03973,5.979,-53.952,-51.285,1.0209291,1945.3405,31.4892795,200,49,False,False,False,False,1905.4609179031138
Taihu,China,1,195,30.943812,31.511,119.9332,120.418933,1.56666666666668,246.0,35.7999999999999,188,17,True,True,True,True,157.02127659574336
Lake Kasumigaura,Japan,1,188,35.96411111,36.1492,140.2143667,140.4893611,4.966666667,57.1,18.6,188,29,True,True,True,True,11.496644294530427
"Atlantic Ocean, GA",United States of America (the),3,137,30.7096666666667,32.3986333333333,-81.39862,-79.825545,0.237661715380954,62.6455399061035,1.49586776859505,137,26,False,False,False,False,263.5912132742431
English Channel,France,3,112,48.2835,51.9224,-4.75537,3.732217,0.333,118.333,7.1385000000000005,107,33,False,False,False,False,355.3543543543543
Gulf of Tonkin,Viet Nam,3,102,20.2006,20.9755,106.628,107.2811,1.09,147.69,10.620000000000001,96,28,False,False,False,False,135.49541284403668
High Rock Lake,United States of America (the),1,86,35.60522,35.68915,-80.3385,-80.23669,1.0,98.0,10.0,86,10,True,True,True,True,98.0
Eagle Creek Reservoir,United States of America (the),1,79,39.82516,39.87099,-86.3151,-86.30067,5.833333334,36.16666667,12.0,78,4,True,True,True,True,6.199999999862857
Lake Peipsi,Estonia,1,74,58.12244,58.92213,27.1057,27.57492,0.75,26.0,7.67,74,12,True,True,True,True,34.666666666666664
Hawke Bay,New Zealand,3,65,-39.59957,-39.06051,176.890320189941,177.835551555277,1.529636711,77.91706847,16.2835249042146,65,5,False,False,False,False,50.93828352162241
Dianchi,China,1,64,24.68047222,24.9624,102.6225833,102.7437222,22.5,184.0,38.5,64,9,True,True,True,True,8.177777777777777
Tokyo Bay,Japan,3,62,35.487778,35.629167,139.818611,140.073333,2.99,26.29,7.295,62,14,False,False,False,False,8.792642140468226
Geist Reservoir,United States of America (the),1,56,39.90753,40.01491,-86.03936,-85.91874,5.166666667,81.16666667,10.875,56,3,True,True,True,True,15.709677418986471
Morse Reservoir,United States of America (the),1,53,40.07383,40.18459,-86.06897,-85.95509,6.666666667,30.33333334,16.16666667,53,3,True,True,True,True,4.5500000007725
Seto-Inland Sea,Japan,3,51,33.26833333,33.775,131.2293333,131.9816667,0.249999999999998,6.4,0.974999999999999,51,9,False,False,False,False,25.600000000000207
"Apalachicola Bay, FL",United States of America (the),2,49,29.6086538888889,29.79465,-85.1804555555556,-84.086274,1.7,61.03,15.2238805970149,48,9,False,False,False,False,35.9
Yellow Sea,Korea (the Republic of),3,53,33.96972972,35.60988056,125.4394522,129.6590975,0.260357143,110.2357143,5.079464286,48,13,False,False,False,False,423.4019202615078
South China Sea,Viet Nam,3,47,8.7175,11.68863,106.3678,109.25163,0.47,26.44,3.01,45,11,False,False,False,False,56.255319148936174
Lake Winnipeg,Canada,1,45,50.51786667,53.83335,-99.23275,-96.42628333,0.733333333,59.756,12.4,45,15,True,True,True,True,81.48545458249339
Branched Oak Lake,United States of America (the),1,40,40.96046,40.98652,-96.88969,-96.85112,11.3,50.4,20.45,40,3,True,True,True,True,4.460176991150442
Red River,Viet Nam,4,40,21.223333,21.358244,105.34565,105.456306,42.4,168.0,88.6,40,1,False,False,False,False,3.9622641509433962
Lake Hume,Australia,1,39,-36.2056,-36.00871,147.0326993,147.09095,1.333,24.917,3.6,39,18,True,True,True,True,18.692423105776445
Erhai,China,1,37,25.61763889,25.94294444,100.1201917,100.2638194,3.541666667,20.375,5.733333333,37,3,True,True,True,True,5.752941175929135
Garda,Italy,1,45,45.09,45.86633333,10.46,10.8485,0.1,5.24999999999999,1.15,37,15,True,True,True,True,52.4999999999999
Lake Łebsko,Poland,1,32,54.71381,54.74259,17.35421,17.4914,18.6,77.3,41.64,32,20,True,True,True,True,4.155913978494623
Mantova,Italy,1,33,45.1501694444444,45.16969444,10.72896,10.8098333333333,3.0,50.0,10.14,31,9,True,True,True,True,16.666666666666668
Ba Be Lake,Viet Nam,1,30,22.3959,22.445,105.608,105.633,12.8,17.3,14.9,29,2,True,True,True,True,1.3515625
Ibitinga Reservoir,Brazil,1,28,-21.9105277778,-21.7607222222,-48.9921694444,-48.8918055556,0.8,97.5,5.7,28,7,True,True,True,True,121.875
Lake Kummerow,Germany,1,26,53.81916,53.84584,12.87107,12.90237,0.4,6.1,1.85,26,8,True,True,True,True,15.249999999999998
Plum Island Estuary,United States of America (the),2,23,42.69205,42.81702,-70.86009,-70.76372,1.02,21.71,7.651,23,5,False,False,False,False,21.284313725490197
Lake Jeleń,Poland,1,22,54.19786,54.19786,17.5383,17.5383,0.8,2.9,1.3039999999999998,22,22,True,True,True,True,3.6249999999999996
Lake Jasień Południowy,Poland,1,23,54.28477,54.30252,17.61468,17.61793,1.1,6.8,2.25,22,19,True,True,True,True,6.181818181818181
"St. Marys River, GA",United States of America (the),4,23,30.7105,30.786767,-81.795176,-81.4611666666667,0.650000000000039,79.1,10.4649361279196,22,4,False,False,False,False,121.69230769230039
Lake Chotkowskie,Poland,1,22,54.15146,54.15146,17.35654,17.35654,1.2,13.875,4.555,22,22,True,True,True,True,11.5625
Chaohu,China,1,29,31.5097,31.6756,117.3305,117.7488,14.0000000000001,394.0,45.9999999999999,21,4,True,True,True,True,28.142857142856943
Lake Geneva,Switzerland,1,20,46.31011667,46.5109,6.2201,6.867666667,0.283,4.0,0.976,20,6,True,True,True,True,14.13427561837456
Lake Obłęże,Poland,1,21,54.24037,54.24037,16.91996,16.91996,0.891,9.31,3.52,20,20,True,True,True,True,10.448933782267115
Lake Constance,Germany,1,20,47.56871,47.59581,9.4832,9.5234,1.1808,6.29599999999999,1.66268,20,2,True,True,True,True,5.331978319783189
"Ha Long Bay, Quang Ninh Province",Viet Nam,3,20,20.859300565916,20.9537848385148,106.997758,107.191470467421,11.85,28.93,14.95,19,1,False,False,False,False,2.441350210970464
"West Lake, Hanoi",Viet Nam,1,19,21.0437,21.0619,105.815,105.838,23.8,81.25,28.75,19,2,True,False,True,True,3.4138655462184873
Arcachon Bay,France,3,25,44.6354,45.5174,-1.236,-0.628,0.8,1815.35,4.39,19,9,False,False,False,False,2269.1874999999995
Lake Rotoehu,New Zealand,1,18,-38.025536,-37.9982,176.53057,176.53315,0.51,5.4,3.1500000000000004,18,10,True,False,True,True,10.588235294117647
"Altamaha River, GA",United States of America (the),4,18,31.2846111111111,31.3556333333333,-81.4785166666667,-81.29129,6.04,81.2,11.09249999999985,18,4,False,False,False,False,13.443708609271523
Trasimeno,Italy,1,25,43.10445,43.1704,12.0492,12.1773833333333,2.86666666666667,28.0,4.91666666666666,18,5,True,False,True,True,9.767441860465105
"Duplin River, GA",United States of America (the),4,17,31.3636333333333,31.4900666666667,-81.3103888888889,-81.2432,5.6,65.6936936936944,34.14,17,4,False,False,False,False,11.731016731016858
Fremont Lake #05,United States of America (the),1,17,41.44907,41.44907,-96.5709,-96.5709,5.73,18.1,9.68,17,17,True,False,True,True,3.1588132635253054
Fremont Lake #01,United States of America (the),1,17,41.45017,41.45017,-96.5606,-96.5606,1.78,9.0,3.72,17,17,True,False,True,True,5.056179775280899
Fremont Lake #16,United States of America (the),1,17,41.44202,41.44202,-96.55752,-96.55752,3.78,12.5,7.33,17,17,True,False,True,True,3.306878306878307
Fremont Lake #17,United States of America (the),1,17,41.4394,41.4394,-96.54592,-96.54592,1.33,14.0,7.68,17,17,True,False,True,True,10.526315789473683
"Ogeechee River, GA",United States of America (the),4,18,31.85695,32.0258833333333,-81.3252166666667,-81.0982666666667,1.85000000000028,42.3333333333331,14.59839816933625,17,9,False,False,False,False,22.882882882879294
Roodeplaat,South Africa,1,17,-25.6297,-25.62494557,28.37094943,28.3755,0.8,58.5,5.6,17,7,True,False,True,True,73.125
Iseo,Italy,1,17,45.6677222222222,45.806965,9.97474,10.083335,1.44,5.87500000000128,3.0,17,4,True,False,True,True,4.079861111112
"Carter Lake, NE",United States of America (the),1,17,41.2893833333333,41.3025333333333,-95.93005,-95.9033333333333,11.7046794177792,24.3653250773999,19.4178044178046,17,7,True,False,True,True,2.081673850920633
Fremont Lake #02,United States of America (the),1,17,41.4498,41.4498,-96.56363,-96.56363,1.95,15.0,6.8,17,17,True,False,True,True,7.6923076923076925
Fremont Lake #03,United States of America (the),1,17,41.45073,41.45073,-96.5695,-96.5695,1.4,15.1,6.86,17,17,True,False,True,True,10.785714285714286
Lake Rotoiti,New Zealand,1,16,-38.048833,-38.02079,176.33538,176.445381,0.33,5.6,0.88,16,9,True,False,True,True,16.96969696969697
Western Treatment Plant,Australia,5,16,-38.0105,-37.985644,144.5809,144.654106,1.519,61.429,6.513999999999999,16,6,False,False,False,False,40.44042132982226
Fremont Lake #07,United States of America (the),1,16,41.44992,41.44992,-96.57977,-96.57977,2.88,12.3,7.975,16,16,True,False,True,True,4.270833333333334
Hartbeespoort,South Africa,1,16,-25.7552,-25.7479,27.8358,27.8635,0.8,2533.3,33.5,16,9,True,False,True,True,3166.625
Lake Vortsjarv,Estonia,1,15,58.09975,58.33775,26.0131,26.1018333333333,6.25,24.67,12.5,15,4,True,False,True,True,3.9472000000000005
Lake Michigan,United States of America (the),1,40,44.44255,45.2499,-87.99774,-86.834633,0.0,19.0,0.6499999999999999,15,4,True,False,True,True,19000000.0
Fremont Lake #04,United States of America (the),1,14,41.45053,41.45053,-96.57692,-96.57692,1.19,9.6,4.12,14,14,True,False,False,True,8.067226890756302
Curuai Lake,Brazil,1,14,-2.26222222,-1.94522222,-55.86488889,-55.12447222,4.0,43.5,12.5,14,4,True,False,False,True,10.875
Lake Rotoma,New Zealand,1,14,-38.057483,-38.027007,176.58407,176.59092,0.12,3.2,0.53,14,9,True,False,False,True,26.666666666666668
Lake Pyszne,Poland,1,14,54.09317,54.09317,17.50844,17.50844,1.016,5.966,3.5999999999999996,14,14,True,False,False,True,5.872047244094488
Parnu Bay,Estonia,2,14,58.06697,58.38863,23.95081,24.4931,4.25,19.6,9.0,14,2,False,False,False,False,4.611764705882353
Lake Boruja Mała,Poland,1,13,54.08755,54.08755,17.42328,17.42328,0.86,2.553,1.59,13,13,True,False,False,True,2.968604651162791
"Aransas Bay, TX",United States of America (the),2,13,27.9114194444444,28.114964,-97.977529,-96.960742,1.89,39.3608247422677,14.5571428571431,13,4,False,False,False,False,20.82583319696704
Atlantic Ocean,Spain,3,13,43.8618,46.9591,-9.01122,-5.32873,0.211,0.452,0.367,13,8,False,False,False,False,2.1421800947867298
Fremont Lake #20,United States of America (the),1,13,41.43662,41.43663,-96.54927,-96.54925,2.22,6.57,3.78,13,13,True,False,False,True,2.959459459459459
Loskop,South Africa,1,38,-25.453,-25.453,29.288,29.288,0.91,26.9,3.17,12,12,True,False,False,True,29.56043956043956
Lake Gardno,Poland,1,17,54.63876,54.63876,17.14285,17.14285,7.62,265.3,34.4,12,12,True,False,False,True,34.816272965879264
Lake Monona,United States of America (the),1,12,43.06016,43.08071,-89.37709,-89.34325,4.08,6.6,4.970000000000001,12,4,True,False,False,True,1.6176470588235292
North Sea,Netherlands (the),3,22,53.290932,53.623,3.149109,4.982,6.56875,38.60005,10.39095,12,4,False,False,False,False,5.876315889628926
Lake Mendota,United States of America (the),1,12,43.09467,43.12335,-89.45497,-89.40506,2.47,6.75,4.4,12,4,True,False,False,True,2.7327935222672064
Geneva Lake,United States of America (the),1,12,42.55873,42.57266,-88.54488,-88.45276,0.691,1.83,1.2200000000000002,12,4,True,False,False,True,2.648335745296672
Rock Lake,United States of America (the),1,12,43.07224,43.08895,-88.9356,-88.92797,1.84,7.5,3.07,12,4,True,False,False,True,4.076086956521739
"Edisto River, SC",United States of America (the),4,12,32.4844666666667,32.6897,-80.4202666666667,-80.3397666666667,4.69,103.02,56.394999999999996,11,1,False,False,False,False,21.965884861407247
Burrinjuck Dam,Australia,1,11,-35.023765,-34.914661,148.6031016,148.791602,1.956,12.8,4.267,11,5,True,False,False,True,6.543967280163599
Mulargia,Italy,1,11,39.6003166666667,39.6333666666667,9.20035,9.26623333333333,1.7,3.0,1.9,11,3,True,False,False,True,1.7647058823529411
Lake Głębokie,Poland,1,11,54.27681,54.27681,17.37698,17.37698,3.029,8.09,5.49,11,11,True,False,False,True,2.670848464839881
Lake Czarne,Poland,1,11,54.27597,54.27597,17.43861,17.43861,1.533,3.333,1.941,11,11,True,False,False,True,2.174168297455969
Lake Poygan,United States of America (the),1,11,44.12649,44.1609,-88.89045,-88.79896,11.2,48.0,24.0,11,5,True,False,False,True,4.285714285714286
Maggiore,Italy,1,13,45.89703333,45.98586,8.508583333,8.63624,0.95,2.7,1.9,11,4,True,False,False,True,2.842105263157895
Lake Jindabyne,Australia,1,10,-36.4223441,-36.3161488,148.6171346,148.6358018,1.156,2.533,1.5185,10,5,True,False,False,True,2.1911764705882355
"Chesapeake Bay, MD",United States of America (the),2,10,38.32708,38.88029,-76.51167,-76.3773,8.8,64.8,13.25,10,3,False,False,False,False,7.363636363636362
Roatan Island Offshore,Honduras,3,10,16.268,16.354,-86.608,-86.523,0.158,4.091,0.9339999999999999,10,9,False,False,False,False,25.89240506329114
"Lake Manawa, IA",United States of America (the),1,10,41.20445,41.21215,-95.8550333333333,-95.8534666666667,7.6,20.5,14.2,10,9,True,False,False,True,2.697368421052632
Lake Winnebago,United States of America (the),1,10,43.83129,44.08305,-88.507,-88.40487,12.0,35.5,18.1,10,3,True,False,False,True,2.9583333333333335
"Missouri River, NE",United States of America (the),4,9,41.0368333333333,41.26735,-95.9214333333333,-95.8598333333333,90.9,726.3,141.6,9,8,False,False,False,False,7.990099009900989
Lake Waubesa,United States of America (the),1,9,42.99727,43.02576,-89.33431,-89.31752,8.0,11.3,10.0,9,3,True,False,False,False,1.4125
Suwa,Japan,1,9,36.04152778,36.06147222,138.0571667,138.1021944,4.444444444,9.611111111,7.466666667,9,2,True,False,False,False,2.1625000001912498
Metonga Lake,United States of America (the),1,9,45.5296,45.55423,-88.90531,-88.9021,0.444,1.3,0.708,9,3,True,False,False,False,2.9279279279279278
Blowering Reservoir,Australia,1,9,-35.5297887,-35.41002,148.2466599,148.2935,0.907,4.733,1.433,9,5,True,False,False,False,5.218302094818081
Lake Kegonsa,United States of America (the),1,9,42.95779,42.97501,-89.26925,-89.24269,11.2,16.0,12.7,9,3,True,False,False,False,1.4285714285714286
"Cunningham Lake, NE",United States of America (the),1,9,41.339288,41.361862,-96.055583,-96.053359,9.169887994,36.41146338,13.07913452,9,2,True,False,False,False,3.9707642453020786
Biwa,Japan,1,9,35.09785,35.39373333,135.9261667,136.1522667,0.765,1.985,0.865,9,1,True,False,False,False,2.5947712418300655
Pelican Lake,United States of America (the),1,9,45.50253,45.51345,-89.21435,-89.17639,2.2,6.0,4.83,9,3,True,False,False,False,2.727272727272727
"Ashepoo River, SC",United States of America (the),4,8,32.4879666666667,32.7009722222222,-80.5186944444444,-80.4089833333333,5.95,52.74,28.32,8,2,False,False,False,False,8.863865546218488
"Bahia Grande, TX",United States of America (the),2,8,26.0178855555556,26.0480466666667,-97.3050366666667,-97.2778416666667,86.707231040564,295.465727502103,155.8564680754205,8,1,False,False,False,False,3.4076249922440276
"James River, VA",United States of America (the),4,8,36.9476146666667,37.0161356666667,-76.4823166666667,-76.327879,22.97,109.518518518519,42.08553946053945,8,2,False,False,False,False,4.76789370999212
"St. Jones River, DE",United States of America (the),4,8,39.0664666666667,39.14585,-75.5121166666667,-75.4044166666667,15.7,91.0,25.85,8,1,False,False,False,False,5.796178343949045
Gironde River,France,2,32,44.6366,45.5165,-1.234,-0.629,8.14,2626.82,255.63,8,8,False,False,False,False,322.7051597051597
"Satilla River, GA",United States of America (the),4,8,30.8890333333333,30.9845,-81.8537666666667,-81.5730166666667,19.3023255813958,94.6875,58.260652920962656,8,1,False,False,False,False,4.905496987951693
"Bayou Cumbest, MS",United States of America (the),2,8,30.361140538,30.398183,-88.446817,-88.43685,9.36705685618737,33.92,16.4603983350585,8,2,False,False,False,False,3.6212014638935694
Lake Vänern,Sweden,1,7,58.56421667,58.78896667,13.14568333,13.38575,0.723,1.527,0.893,7,2,True,False,False,False,2.112033195020747
"Sapelo Sound, GA",United States of America (the),2,15,31.5236,31.54152,-81.207915,-81.1153333333333,14.8429752066112,110.314285714286,53.2448979591836,7,3,False,False,False,False,7.432087177855757
"Bayou Heron, MS",United States of America (the),2,7,30.37828,30.4222166666667,-88.408094042,-88.3967,7.2326007326009,26.2,15.9857503607501,7,2,False,False,False,False,3.6224867054949783
"East Bay, FL",United States of America (the),2,7,29.73897839,29.7834488888889,-84.94373963,-84.8758072222222,4.1,27.7,13.33,7,4,False,False,False,False,6.75609756097561
Lake Pamamaroo,Australia,1,7,-32.305437,-32.2550099,142.4343434,142.4852025,118.667,175.0,133.0,7,5,True,False,False,False,1.4747149586658463
"Neuse River, NC",United States of America (the),4,7,34.9751833333333,35.1918166666667,-77.1063166666667,-76.8382166666667,3.54545454545436,15.4303030303029,6.80254777070051,7,2,False,False,False,False,4.352136752136944
Ogallala Lake,United States of America (the),1,7,41.21129,41.23057,-101.66596,-101.6381,5.0,9.11,7.25,7,1,True,False,False,False,1.8219999999999998
Iznájar,Spain,1,6,37.2780555555555,37.2836111111111,-4.37416666666667,-4.33722222222222,0.7,1.89,0.8200000000000001,6,1,True,False,False,False,2.7
Soai Rap River,Viet Nam,3,6,10.5271,10.6708,106.7485,106.8979,41.26,240.14,135.29,6,2,False,False,False,False,5.820164808531265
Lac Vieux Desert,United States of America (the),1,6,46.12621,46.13144,-89.14101,-89.08928,2.27,3.2,2.635,6,2,True,False,False,False,1.4096916299559472
"Intracoastal Waterway, GA",United States of America (the),2,6,31.4635833333333,31.54375,-81.3242333333333,-81.2078833333333,49.3912526741146,97.4475162625668,58.44583333333365,6,2,False,False,False,False,1.9729711434032517
Lake Bonney,Australia,1,6,-34.24198,-34.203198,140.432197,140.4545178,12.556,22.533,17.305500000000002,6,4,True,False,False,False,1.7946001911436766
"St. Johns River, FL",United States of America (the),4,7,29.4883833333333,30.168674,-81.6968666666667,-81.63085,10.9565217391308,24.6249999999976,16.1666666666665,6,3,False,False,False,False,2.2475198412695474
Cuerda del Pozo,Spain,1,6,41.8541666666667,41.8580555555556,-2.76305555555555,-0.411666666666667,1.47,7.19,1.8849999999999998,6,2,True,False,False,False,4.891156462585035
Green Lake,United States of America (the),1,6,43.79259,43.82646,-89.05244,-88.96571,1.6,2.3,2.0,6,2,True,False,False,False,1.4374999999999998
Albufera,Spain,1,6,39.3238888888889,39.3441666666667,-0.372777777777778,-0.342222222222222,54.29,78.82,61.865,6,1,True,False,False,False,1.4518327500460488
Pine Lake,United States of America (the),1,6,45.66926,45.68749,-88.98801,-88.97905,4.24,10.7,8.67,6,2,True,False,False,False,2.523584905660377
Lake Chippewa,United States of America (the),1,6,45.92926,45.96172,-91.22189,-91.15983,2.6,8.4,4.72,6,2,True,False,False,False,3.230769230769231
Mamiraua,Brazil,1,6,-2.999194,-2.889556,-64.980194,-64.925306,4.0,7.0,4.85,6,2,True,False,False,False,1.75
Lake Wissota,United States of America (the),1,6,44.93568,44.97274,-91.3331,-91.32205,1.4,18.5,6.1,6,2,True,False,False,False,13.214285714285715
Big Saint Germain Lake,United States of America (the),1,6,45.93213,45.93718,-89.53514,-89.50185,1.6,3.0,2.75,6,2,True,False,False,False,1.875
Almendra,Spain,1,6,41.2183333333333,41.2583333333333,-6.295,-6.27111111111111,2.2,5.17,3.295,6,1,True,False,False,False,2.3499999999999996
Trout Lake,United States of America (the),1,6,46.02681,46.06101,-89.67973,-89.66081,1.1,1.67,1.5,6,2,True,False,False,False,1.518181818181818
Petenwell Lake,United States of America (the),1,6,44.09984,44.17773,-90.00058,-89.92243,5.07,123.0,20.5,6,2,True,False,False,False,24.260355029585796
"Nueces Bay, TX",United States of America (the),2,7,27.8426833333333,27.8506333333333,-97.5104472222222,-97.3851333333333,40.28,169.08,67.82,6,2,False,False,False,False,4.197616683217478
Vaal,South Africa,1,6,-26.916276,-26.882568,28.117578,28.158648,4.8,84.0,14.25,6,2,True,False,False,False,17.5
"Charlotte Harbor, FL",United States of America (the),2,5,26.716131,26.9603166666667,-82.240358,-82.0139833333333,11.4874651810585,53.2043010752688,15.8031496062992,5,1,False,False,False,False,4.6315092352137475
"Bush River, MD",United States of America (the),4,5,39.3504,39.44586,-76.27518,-76.2465,7.0,22.0,10.7,5,1,False,False,False,False,3.142857142857143
"Doboy Sound, GA",United States of America (the),2,5,31.40398,31.4478666666667,-81.3534833333333,-81.2868833333333,25.7499999999998,65.5483870967739,36.7924528301884,5,3,False,False,False,False,2.545568430942695
Roatan Island Inshore,Honduras,3,5,16.314,16.354,-86.585,-86.522,0.3023,2.679,1.27,5,4,False,False,False,False,8.862057558716506
"Aransas Channel, TX",United States of America (the),2,5,27.82155,27.8828833333333,-97.1908166666667,-97.0771694444444,1.88,29.1100000000002,21.7615384615386,5,3,False,False,False,False,15.484042553191596
"St. Helena Sound, SC",United States of America (the),2,5,32.4332,32.4861833333333,-80.4778055555556,-80.3736,41.93,87.75,60.28,5,2,False,False,False,False,2.092773670403053
McConaughy Lake,United States of America (the),1,5,41.22194,41.28278,-101.94472,-101.69028,5.6,88.0,8.0,5,1,True,False,False,False,15.714285714285715
Loch Lomond,United Kingdom of Great Britain and Northern Ireland (the),5,5,56.02456,56.30285,-4.71639,-4.54885,0.407,1.231,0.9985,5,3,False,False,False,False,3.024570024570025
Lake Rybiec,Poland,1,5,54.29455,54.29455,17.15594,17.15594,5.161,47.667,32.133,5,5,True,False,False,False,9.236000775043598
Lake Niezabyszewskie,Poland,1,5,54.1273,54.1273,17.42972,17.42972,4.267,7.975,6.471,5,5,True,False,False,False,1.8689946097961094
"Mississippi Sound, MS",United States of America (the),2,5,30.2973697222222,30.3292,-88.5265011111111,-88.2645288888889,6.84,18.44,10.78,5,3,False,False,False,False,2.6959064327485383
Lake Rouge Suurjarv,Estonia,1,4,57.727731,57.72932,26.92051,26.922556,2.2,4.0,2.59,4,4,True,False,False,False,1.8181818181818181
Fremont Lake #18,United States of America (the),1,4,41.43837,41.43837,-96.54097,-96.54097,3.45,4.0,3.865,4,4,True,False,False,False,1.1594202898550725
"Apalachicola River, FL",United States of America (the),4,4,29.7269333333333,29.74705,-85.0049333333333,-84.9364666666667,3.1,25.3333333333335,7.64499999999996,4,3,False,False,False,False,8.172043010752741
"Blackbird Creek, DE",United States of America (the),1,4,39.3867666666667,39.431019,-75.63675,-75.599422,53.6,89.3,69.4,4,1,True,False,False,False,1.6660447761194028
Ullswater,United Kingdom of Great Britain and Northern Ireland (the),1,4,54.55146,54.60091,-2.94359,-2.83092,0.717,1.2165,0.893,4,1,True,False,False,False,1.6966527196652719
Lake Saadjarv,Estonia,1,4,58.52953,58.54547,26.6344,26.67547,1.14,2.33,2.17,4,2,True,False,False,False,2.0438596491228074
Lake Taupo,New Zealand,1,4,-38.777817,-38.734249,175.97537,176.041422,1.14,1.6,1.2,4,2,True,False,False,False,1.4035087719298247
Theewaterskloof,South Africa,1,9,-34.029,-34.029,19.209,19.209,9.78888888888889,29.12,15.725,4,4,True,False,False,False,2.974801362088536
Lake Brunner,New Zealand,1,4,-42.636564,-42.59131,171.4452,171.495,0.6333,1.7,0.95,4,2,True,False,False,False,2.684351807989894
"Murderkill River, DE",United States of America (the),4,4,39.0118,39.05255,-75.4551166666667,-75.3981833333333,21.8,32.7,25.6,4,1,False,False,False,False,1.5
Lake Lucerne,Switzerland,1,4,46.97786,47.01543,8.33435,8.50691,0.45,4.32,1.665,4,1,True,False,False,False,9.6
"Patuxent River, MD",United States of America (the),4,4,38.33997,38.70016,-76.69475,-76.48605,9.0,20.3,14.75,4,2,False,False,False,False,2.2555555555555555
Rainbow Flowage,United States of America (the),1,4,45.83628,45.87842,-89.54036,-89.49236,3.47,6.4,5.7,4,2,True,False,False,False,1.8443804034582132
Lake Winneconne,United States of America (the),1,4,44.14304,44.1431,-88.73563,-88.73547,10.0,40.0,20.0,4,4,True,False,False,False,4.0
"Winyah Bay, SC",United States of America (the),2,4,33.2024666666667,33.3021333333333,-79.2799833333333,-79.1802666666667,27.8,36.7542857142854,32.99031877876325,4,1,False,False,False,False,1.3220966084275325
Lake Biel,Switzerland,1,4,47.06773333,47.12693333,7.170333333,7.226616667,1.984,6.034,2.4539999999999997,4,1,True,False,False,False,3.04133064516129
Bronkhorstspruit,South Africa,1,4,-25.905831,-25.894009,28.690543,28.704137,7.6,13.0,10.5,4,2,True,False,False,False,1.7105263157894737
"Corpus Christi Bay, TX",United States of America (the),2,4,27.7724583333333,27.82395,-97.3864805555556,-97.3604,19.81,26.0699999999998,23.46999999999965,4,2,False,False,False,False,1.3160020191822213
"Delaware Bay, DE",United States of America (the),2,4,39.0573833333333,39.0779166666667,-75.39485,-75.3766,11.5,14.4,13.100000000000001,4,1,False,False,False,False,1.2521739130434784
Alcántara,Spain,1,4,39.7052777777778,39.7277777777778,-6.48067682537711,-6.4666525701624,4.35,20.43,13.44,4,1,True,False,False,False,4.696551724137931
Lake Eucumbene,Australia,1,4,-36.146002,-36.0540579,148.6819566,148.766988,1.17,2.44,1.685,4,2,True,False,False,False,2.0854700854700856
Lake Jasień Północny,Poland,1,4,54.30252,54.30252,17.61468,17.61468,1.3,3.333,2.1,4,4,True,False,False,False,2.563846153846154
"Lafayette River, VA",United States of America (the),4,4,36.8880415,36.9070166666667,-76.3139715,-76.2766935,63.1891891891892,100.8,72.360956618465,4,2,False,False,False,False,1.595209580838323
Hibara,Japan,1,4,37.65408333,37.72052778,140.05075,140.0566944,1.04,1.28,1.0550000000000002,4,1,True,False,False,False,1.2307692307692308
Lake Dartmouth,Australia,1,4,-36.6018601,-36.5565316,147.5329733,147.6060067,1.407,1.667,1.543,4,3,True,False,False,False,1.1847903340440653
"Bangs Lake, MS",United States of America (the),2,4,30.3491,30.3747,-88.4713333333333,-88.4649,26.28,33.181818181818,26.86924323720115,4,2,False,False,False,False,1.2626262626262557
Bassenthwaite Lake,United Kingdom of Great Britain and Northern Ireland (the),1,4,54.65094,54.67329,-3.23327,-3.21051,1.177,1.797,1.297,4,1,True,False,False,False,1.5267629566694987
"Bayou Cassotte, MS",United States of America (the),2,3,30.3360188888889,30.351245,-88.5123444444444,-88.5078555555556,11.6,22.3,19.04,3,2,False,False,False,False,1.9224137931034484
Victory Lake,United States of America (the),1,3,41.43943,41.43943,-96.5358,-96.5358,15.1,22.9,16.2,3,3,True,False,False,False,1.5165562913907285
Windermere,United Kingdom of Great Britain and Northern Ireland (the),1,3,54.31371,54.415,-2.96901,-2.95065,1.744,5.842,2.591,3,1,True,False,False,False,3.3497706422018347
Lake Raigastvere,Estonia,1,3,58.5914,58.59241,26.64911,26.65193,4.8,8.75,8.0,3,3,True,False,False,False,1.8229166666666667
Lake Verevi,Estonia,1,3,58.23071,58.231205,26.40436,26.405061,3.83,5.33,4.4,3,3,True,False,False,False,1.391644908616188
Round Lake,United States of America (the),1,3,45.99603,46.01791,-91.33257,-91.32174,1.07,1.13,1.07,3,1,True,False,False,False,1.05607476635514
Fence Lake,United States of America (the),1,3,45.93653,45.95482,-89.85186,-89.82586,1.2,1.3,1.2,3,1,True,False,False,False,1.0833333333333335
Shawano Lake,United States of America (the),1,3,44.80799,44.81625,-88.54199,-88.48612,3.22,5.76,3.44,3,1,True,False,False,False,1.7888198757763973
"Doctor's Lake, FL",United States of America (the),2,3,30.1023,30.1386166666667,-81.7579333333333,-81.7289833333333,12.0833333333329,28.1333333333326,24.6153846153853,3,1,False,False,False,False,2.3282758620689883
Big Sand Lake,United States of America (the),1,3,46.06086,46.06626,-88.99247,-88.95962,3.2,4.4,4.0,3,1,True,False,False,False,1.375
Butternut Lake,United States of America (the),1,3,45.90826,45.91665,-88.99912,-88.98589,1.13,1.53,1.4,3,1,True,False,False,False,1.3539823008849559
"Carl Blackwell Lake, OK",United States of America (the),1,3,36.1312138888889,36.1404694444444,-97.2691694444444,-97.2525277777778,16.3670947353678,20.3619293924466,17.2428714367982,3,1,True,False,False,False,1.2440772001182547
Como,Italy,1,3,45.97506,46.056514,9.245474,9.281901,0.76923076923077,1.0,0.999999999999999,3,1,True,False,False,False,1.2999999999999987
Beaver Dam Lake,United States of America (the),1,3,43.45797,43.52517,-88.90918,-88.85469,45.3,64.0,49.3,3,1,True,False,False,False,1.4128035320088301
"Gulf of Mexcio, FL",United States of America (the),3,3,26.70345,37.7548127777778,-82.2830333333333,-77.9009958333333,2.48333333333339,16.4757281553397,10.5400000000001,3,2,False,False,False,False,6.6345214048346275
"Redfish Bay, TX",United States of America (the),2,3,27.8639111111111,27.909725,-97.1641138888889,-97.0888666666667,11.31,17.03,12.71,3,1,False,False,False,False,1.5057471264367817
Spirit River Flowage,United States of America (the),1,3,45.44192,45.44666,-89.80188,-89.74566,9.25,10.5,10.3,3,1,True,False,False,False,1.135135135135135
Fox Lake,United States of America (the),1,3,43.5843,43.59275,-88.93406,-88.90536,16.5,22.5,19.5,3,1,True,False,False,False,1.3636363636363635
Lake Areare,New Zealand,1,3,-37.668512,-37.667683,175.20027,175.201517,2.4,15.19,3.0,3,2,True,False,False,False,6.329166666666667
Rotoroa,New Zealand,1,3,-41.89422,-41.81472,172.6179,172.6627,0.1,0.15,0.1333,3,2,True,False,False,False,1.4999999999999998
Lake Forsyth (Lake Wairewa),New Zealand,1,3,-43.807677,-43.797634,172.733687,172.759261,4.8,13.0,7.1,3,1,True,False,False,False,2.7083333333333335
Lac Courte Oreilles,United States of America (the),1,3,45.89039,45.89772,-91.46308,-91.39736,2.17,2.5,2.17,3,1,True,False,False,False,1.1520737327188941
Lake Wisconsin,United States of America (the),1,3,43.36398,43.3927,-89.64009,-89.54178,13.3,18.0,14.7,3,1,True,False,False,False,1.3533834586466165
Lake Wanaka,New Zealand,1,3,-44.63662,-44.396049,169.0826,169.14987,2.7,6.0,4.7,3,1,True,False,False,False,2.222222222222222
"Lydia Ann Channel, TX",United States of America (the),2,3,27.8623333333333,27.8793666666667,-97.0537,-97.04805,1.6,20.6999999999997,20.0400000000003,3,2,False,False,False,False,12.937499999999812
Lake Pangodi,Estonia,1,3,58.196409,58.19748,26.57168,26.574094,4.17,5.25,4.25,3,3,True,False,False,False,1.2589928057553956
Lake D (Kainui),New Zealand,1,3,-37.677601,-37.6753,175.231925,175.23353,2.0,9.8,8.6,3,3,True,False,False,False,4.9
Lake Chetac,United States of America (the),1,3,45.70339,45.72491,-91.50582,-91.48252,12.0,14.7,12.7,3,1,True,False,False,False,1.2249999999999999
"Point Aux Chenes Bay, MS",United States of America (the),2,3,30.3296825,30.3517294444444,-88.4468505555556,-88.4145516666667,5.92,17.62,16.6722284019279,3,2,False,False,False,False,2.9763513513513518
Lake Victoria,Australia,1,3,-34.0315863,-33.9443456,141.2447667,141.2963166,19.778,26.0,25.417,3,1,True,False,False,False,1.3145919708767317
"Teakettle Creek, GA",United States of America (the),2,3,31.44505,31.4832333333333,-81.3180333333333,-81.2995333333333,46.3007518796994,66.2096774193545,50.0296296296297,3,1,False,False,False,False,1.429991409024703
Te Anau,New Zealand,1,3,-45.402106,-45.293811,167.653576,167.74714,0.4167,2.4778,0.51,3,2,True,False,False,False,5.946244300455962
Lake Rotorua,New Zealand,1,3,-42.406133,-38.070883,173.581636,176.27127,11.6,15.4,13.8,3,2,True,False,False,False,1.3275862068965518
Wachtels Lagoon,Australia,1,3,-34.238669,-34.2312038,140.3653553,140.3818997,37.111,42.178,38.0,3,1,True,False,False,False,1.1365363369351404
Long Lake,United States of America (the),1,3,45.67664,45.75786,-91.71772,-91.64657,4.4,5.6,4.4,3,1,True,False,False,False,1.2727272727272725
Lake Koshkonong,United States of America (the),1,3,42.85434,42.87826,-88.98946,-88.95701,30.4,61.6,42.0,3,1,True,False,False,False,2.0263157894736845
Mekong River,Viet Nam,3,3,9.49528,9.68556,106.294,106.689,10.74,33.69,13.85,3,2,False,False,False,False,3.136871508379888
Lake Taharoa,New Zealand,1,3,-38.167917,-35.80769,173.64632,174.749,1.8,10.0,8.8,3,2,True,False,False,False,5.555555555555555
"Monie Bay, MD",United States of America (the),2,3,38.21215,38.22903,-75.83956,-75.82107,14.3,27.4,23.6,3,1,False,False,False,False,1.9160839160839158
Lake Hawea,New Zealand,1,3,-44.57966,-44.45665,169.27474,169.3134,0.53,2.0,0.63,3,2,True,False,False,False,3.773584905660377
Lake Zug,Switzerland,1,3,47.09385,47.14973,8.47681,8.49256,0.87,1.55,1.45,3,1,True,False,False,False,1.781609195402299
Lake Zurich,Switzerland,1,3,47.20765,47.24321,8.67923,8.8284,1.32,2.1,1.36,3,1,True,False,False,False,1.5909090909090908
Rosarito,Spain,1,2,40.1016666666667,40.1038888888889,-5.31305555555556,-5.31,1.55,1.85,1.7000000000000002,2,1,True,False,False,False,1.1935483870967742
Spiegel- en Blijkpolderplas,Netherlands (the),1,2,52.26259,52.27417,5.05992,5.06468,1.0,9.2,5.1,2,1,True,False,False,False,9.2
Lake Benmore,New Zealand,1,2,-44.410013,-44.388969,170.222602,170.225828,0.7,0.8,0.75,2,1,True,False,False,False,1.142857142857143
Lake Elistvere,Estonia,1,2,58.57109,58.57731,26.69844,26.71132,3.75,6.22,4.984999999999999,2,2,True,False,False,False,1.6586666666666665
Ankeveensche Plassen,Netherlands (the),1,2,52.2727,52.2772,5.0701,5.0808,5.3,18.8,12.05,2,1,True,False,False,False,3.547169811320755
Baltic Sea,Sweden,3,3,58.58869,58.84298,17.46938,17.7898,0.67,0.85,0.72,2,2,False,False,False,False,1.2686567164179103
"Baltimore Harbor, MD",United States of America (the),2,2,39.19041,39.25523,-76.60058,-76.49053,8.1,13.7,10.899999999999999,2,1,False,False,False,False,1.691358024691358
Wijde Blik,Netherlands (the),1,2,52.22546,52.23229,5.05798,5.05888,7.2,17.0,12.1,2,2,True,False,False,False,2.361111111111111
Shirakaba,Japan,1,2,36.10405556,36.10688889,138.2323889,138.2375,5.988888889,9.066666667,7.527777778,2,1,True,False,False,False,1.5139146567993707
Akan,Japan,1,2,43.44889,43.46128,144.101,144.1023,1.233333333,1.246666667,1.24,2,1,True,False,False,False,1.010810811354273
"Crooked Bayou, MS",United States of America (the),2,2,30.348767,30.359467,-88.419483,-88.418683,23.3823943661972,30.8194444444445,27.10091940532085,2,1,False,False,False,False,1.3180619555796511
"Grand Bay, MS",United States of America (the),2,2,30.3514444444444,30.3785938888889,-88.3537886111111,-88.3509011111111,7.01,7.86,7.4350000000000005,2,1,False,False,False,False,1.1212553495007134
Lake Arapuni,New Zealand,1,2,-38.1297,-38.11595,175.62385,175.63118,3.6,4.4,4.0,2,1,True,False,False,False,1.2222222222222223
Lake Ahijarv,Estonia,1,2,57.7127,57.71287,26.50095,26.50159,4.0,5.67,4.835,2,2,True,False,False,False,1.4175
"Intracoastal Waterway, TX",United States of America (the),2,2,28.1348583333333,28.1640027777778,-96.9117305555556,-96.8792888888889,16.74,38.03,27.384999999999998,2,1,False,False,False,False,2.271804062126643
Lake Rotokakahi,New Zealand,1,2,-38.2185,-38.20885,176.31507,176.33825,0.8,1.2,1.0,2,1,True,False,False,False,1.4999999999999998
Lake Kaiavere,Estonia,1,2,58.5949,58.59589,26.68855,26.69183,6.4,10.67,8.535,2,2,True,False,False,False,1.6671874999999998
Lake Manapouri,New Zealand,1,2,-45.522231,-45.493883,167.55778,167.57941,3.0,6.0,4.5,2,1,True,False,False,False,2.0
Lake Koorkula Valgjarv,Estonia,1,2,57.89931,57.90096,25.870958,25.87293,2.67,5.25,3.96,2,2,True,False,False,False,1.9662921348314608
"Lake Perry, OK",United States of America (the),1,2,36.2450388888889,36.2486666666667,-97.340725,-97.3374472222222,3.35452932920966,3.7685815761882,3.56155545269893,2,1,True,False,False,False,1.1234308024595785
Lake Karapiro,New Zealand,1,2,-37.93555,-37.92795,175.545,175.55038,3.6,4.0,3.8,2,1,True,False,False,False,1.1111111111111112
Monowai,New Zealand,1,2,-45.872909,-45.832835,167.364003,167.497782,0.5333,0.6333,0.5832999999999999,2,1,True,False,False,False,1.1875117194824676
Paringa,New Zealand,1,2,-43.71968,-43.71143,169.389,169.4106,0.5333,0.8333,0.6833,2,2,True,False,False,False,1.562535158447403
Lake Burley Griffin,Australia,1,2,-35.2964142,-35.2880864,149.0976313,149.1018958,11.333,15.333,13.333,2,1,True,False,False,False,1.352951557398747
Lake Hakanoa,New Zealand,1,2,-37.554238,-37.55155,175.16631,175.1689,23.2,32.0,27.6,2,1,True,False,False,False,1.3793103448275863
Lake Kaiu,Estonia,1,2,58.643563,58.64537,26.83995,26.840823,5.0,6.0,5.5,2,2,True,False,False,False,1.2
Lake Otepaa Valgjarv,Estonia,1,2,58.08791,58.08807,26.64253,26.64279,4.25,25.5,14.875,2,2,True,False,False,False,6.0
Lake Maraetai,New Zealand,1,2,-38.365883,-38.3629,175.78482,175.78778,6.4,7.2,6.800000000000001,2,1,True,False,False,False,1.125
Lake Tarawera,New Zealand,1,2,-38.2116,-38.199633,176.42405,176.43118,0.8,2.0,1.4,2,1,True,False,False,False,2.5
Lake Whangape,New Zealand,1,2,-37.469659,-37.466544,175.04478,175.06083,9.2,11.4,10.3,2,2,True,False,False,False,1.2391304347826089
Lake Waahi,New Zealand,1,2,-37.56021,-37.554647,175.11911,175.13141,82.0,133.33,107.665,2,1,True,False,False,False,1.6259756097560978
Lake Wakatipu,New Zealand,1,2,-45.031811,-45.019462,168.418587,168.69624,0.6,2.0,1.3,2,2,True,False,False,False,3.3333333333333335
Loenderveense Plas oost,Netherlands (the),1,2,52.20096,52.20096,5.05959,5.05959,20.5,20.79,20.645,2,2,True,False,False,False,1.0141463414634146
Lake Ohau,New Zealand,1,2,-44.28171,-44.19255,169.85275,169.92611,1.3,1.67,1.4849999999999999,2,2,True,False,False,False,1.2846153846153845
Lake Okataina,New Zealand,1,2,-38.127967,-38.1148,176.4099,176.42325,0.4,0.6,0.5,2,1,True,False,False,False,1.4999999999999998
Lake Puhajarv,Estonia,1,2,58.03845,58.042494,26.46287,26.467808,3.25,4.43,3.84,2,2,True,False,False,False,1.363076923076923
Lake Rotokauri,New Zealand,1,2,-37.762783,-37.759533,175.19588,175.19887,4.8,6.4,5.6,2,1,True,False,False,False,1.3333333333333335
Lake Okareka,New Zealand,1,2,-38.174867,-38.167083,176.36,176.3667,1.0,1.4,1.2,2,1,True,False,False,False,1.4
Lake Nouni,Estonia,1,2,58.128955,58.12983,26.514296,26.51727,1.08,2.5,1.79,2,2,True,False,False,False,2.314814814814815
Lake Nohipalu Valgjarv,Estonia,1,2,57.94212,57.94221,27.34659,27.34747,2.0,5.75,3.875,2,2,True,False,False,False,2.875
"Aransas Pass, TX",United States of America (the),2,2,27.833885,27.8413666666667,-97.04935,-97.037534,9.55,18.5304347826088,14.0402173913044,2,2,False,False,False,False,1.9403596631003979
Lake Ruusmae,Estonia,1,2,57.63549,57.63582,27.08488,27.08536,4.25,4.5,4.375,2,2,True,False,False,False,1.0588235294117647
"Blackburn Bay, FL",United States of America (the),2,2,27.1388833333333,27.1509666666667,-82.4824333333333,-82.4707,14.3946666666667,20.4651162790696,17.42989147286815,2,1,False,False,False,False,1.4217151916730424
"Black River, SC",United States of America (the),4,2,33.4084666666667,33.4769166666667,-79.2708333333333,-79.251129,39.7142857142858,41.6697247706422,40.692005242464,2,1,False,False,False,False,1.0492376740809164
Te Koutu,New Zealand,1,1,-37.889,-37.889,175.469984,175.469984,18.18,18.18,18.18,1,1,True,False,False,False,1.0
"St. Simons Sound, GA",United States of America (the),2,1,31.1313833333333,31.1313833333333,-81.3979666666667,-81.3979666666667,10.046974522293,10.046974522293,10.046974522293,1,1,False,False,False,False,1.0
"St. Pierre Creek, SC",United States of America (the),2,8,32.539446,32.539446,-80.348539,-80.348539,39.56,113.19,52.765,1,1,False,False,False,False,2.8612234580384226
Wahapo,New Zealand,1,1,-43.2504,-43.2504,170.2646,170.2646,20.2,20.2,20.2,1,1,True,False,False,False,1.0
"Waccamaw River, SC",United States of America (the),4,1,33.4685333333333,33.4685333333333,-79.1575666666667,-79.1575666666667,11.1884057971014,11.1884057971014,11.1884057971014,1,1,False,False,False,False,1.0
Vuntus jachthaven,Netherlands (the),1,1,52.21185,52.21185,5.067967,5.067967,21.4500000000006,21.4500000000006,21.4500000000006,1,1,True,False,False,False,1.0
Vuntus,Netherlands (the),1,1,52.21044,52.21044,5.07541,5.07541,31.0,31.0,31.0,1,1,True,False,False,False,1.0
Vinkeveenseplas jachthaven,Netherlands (the),1,1,52.227533,52.227533,4.9464,4.9464,1.24250000000004,1.24250000000004,1.24250000000004,1,1,True,False,False,False,1.0
Lake Ruatuna,New Zealand,1,1,-37.927254,-37.927254,175.29072,175.29072,32.33,32.33,32.33,1,1,True,False,False,False,1.0
Lake Ruataniwha,New Zealand,1,1,-44.280182,-44.280182,170.066213,170.066213,3.3,3.3,3.3,1,1,True,False,False,False,1.0
Lake Rototuna,New Zealand,1,1,-36.25097,-36.25097,174.04006,174.04006,4.4,4.4,4.4,1,1,True,False,False,False,1.0
Lake Rotoroa (Hamilton),New Zealand,1,1,-37.798348,-37.798348,175.273533,175.273533,2.27,2.27,2.27,1,1,True,False,False,False,1.0
Lake Rotoroa,New Zealand,1,1,-38.948028,-38.948028,177.02758,177.02758,3.4,3.4,3.4,1,1,True,False,False,False,1.0
Lake Vuoskujarvi,Finland,1,1,66.43307,66.43307,26.54973,26.54973,12.44,12.44,12.44,1,1,True,False,False,False,1.0
Lake Viljandi,Estonia,1,1,58.35718,58.35718,25.60305,25.60305,2.75,2.75,2.75,1,1,True,False,False,False,1.0
Lake Vanttausjarvi,Finland,1,1,66.48714,66.48714,26.60941,26.60941,2.2,2.2,2.2,1,1,True,False,False,False,1.0
Lake Udsu,Estonia,1,1,57.9057,57.9057,25.86087,25.86087,1.67,1.67,1.67,1,1,True,False,False,False,1.0
Lake Tutira,New Zealand,1,1,-39.226619,-39.226619,176.893,176.893,1.7,1.7,1.7,1,1,True,False,False,False,1.0
Lake Tuggeranong,Australia,1,1,-35.40916111,-35.40916111,149.0663889,149.0663889,21.143,21.143,21.143,1,1,True,False,False,False,1.0
Lake Tikitapu,New Zealand,1,1,-38.197833,-38.197833,176.33512,176.33512,0.4,0.4,0.4,1,1,True,False,False,False,1.0
Lake Tekapo,New Zealand,1,1,-43.929889,-43.929889,170.526889,170.526889,1.0,1.0,1.0,1,1,True,False,False,False,1.0
Lake Taylor,New Zealand,1,1,-42.768721,-42.768721,172.236526,172.236526,0.7,0.7,0.7,1,1,True,False,False,False,1.0
Lake Tamula,Estonia,1,1,57.844405,57.844405,26.984806,26.984806,7.6,7.6,7.6,1,1,True,False,False,False,1.0
Lake Waitawa,New Zealand,1,1,-40.724733,-40.724733,175.1705,175.1705,1.6,1.6,1.6,1,1,True,False,False,False,1.0
Lake Wairepo Arm,New Zealand,1,1,-44.298703,-44.298703,170.078974,170.078974,0.5,0.5,0.5,1,1,True,False,False,False,1.0
Lake Wainui,New Zealand,1,1,-36.101378,-36.101378,173.88225,173.88225,10.4,10.4,10.4,1,1,True,False,False,False,1.0
Lake Waikopiro,New Zealand,1,1,-39.235301,-39.235301,176.89497,176.89497,8.7,8.7,8.7,1,1,True,False,False,False,1.0
Lake Waikere,New Zealand,1,1,-35.79878,-35.79878,173.62992,173.62992,0.7,0.7,0.7,1,1,True,False,False,False,1.0
Lake Waikaremoana,New Zealand,1,2,-38.773755,-38.773755,177.11047,177.11047,2.0,2.0,2.0,1,1,True,False,False,False,1.0
Lake Waikare,New Zealand,1,1,-37.426093,-37.426093,175.20036,175.20036,54.44,54.44,54.44,1,1,True,False,False,False,1.0
Loosdtrechtse plassen nr5,Netherlands (the),1,1,52.173367,52.173367,5.069683,5.069683,16.4999999999997,16.4999999999997,16.4999999999997,1,1,True,False,False,False,1.0
Loosdrechtse plassen Stille plas,Netherlands (the),1,1,52.183317,52.183317,5.0937,5.0937,12.9166666666669,12.9166666666669,12.9166666666669,1,1,True,False,False,False,1.0
Loosdrechtse Plassen,Netherlands (the),1,1,52.17336,52.17336,5.06178,5.06178,31.0,31.0,31.0,1,1,True,False,False,False,1.0
Lake Rotoiti (Nelson Lake),New Zealand,1,1,-41.820413,-41.820413,172.837157,172.837157,1.0,1.0,1.0,1,1,True,False,False,False,1.0
Lake Rerewhakaaitu,New Zealand,1,1,-38.297389,-38.297389,176.496635,176.496635,2.1,2.1,2.1,1,1,True,False,False,False,1.0
Lake Pukaki,New Zealand,1,1,-44.050678,-44.050678,170.166538,170.166538,1.2,1.2,1.2,1,1,True,False,False,False,1.0
Lake Swan/Rotootuaruru,New Zealand,1,1,-36.33089,-36.33089,174.14216,174.14216,13.6,13.6,13.6,1,1,True,False,False,False,1.0
Lake Sumner,New Zealand,1,1,-42.698689,-42.698689,172.217759,172.217759,0.7,0.7,0.7,1,1,True,False,False,False,1.0
Lake Soitsjärv,Estonia,1,1,58.55788,58.55788,26.68229,26.68229,2.75,2.75,2.75,1,1,True,False,False,False,1.0
Lake Siika-Kama,Finland,1,1,66.22537,66.22537,26.4839,26.4839,4.57,4.57,4.57,1,1,True,False,False,False,1.0
Lake Sheppard,New Zealand,1,1,-42.761886,-42.761886,172.249619,172.249619,1.8,1.8,1.8,1,1,True,False,False,False,1.0
Lake Okaro,New Zealand,1,1,-38.299815,-38.299815,176.394962,176.394962,2.6,2.6,2.6,1,1,True,False,False,False,1.0
Lake Ohakuri,New Zealand,1,1,-38.417044,-38.417044,176.11597,176.11597,3.6,3.6,3.6,1,1,True,False,False,False,1.0
Lake Rotonuiaha,New Zealand,1,1,-38.947922,-38.947922,177.03921,177.03921,2.2,2.2,2.2,1,1,True,False,False,False,1.0
Lake Rotongaio,New Zealand,1,1,-38.943898,-38.943898,177.01181,177.01181,10.5,10.5,10.5,1,1,True,False,False,False,1.0
Lake Rotomanuka,New Zealand,1,1,-37.925977,-37.925977,175.31518,175.31518,5.67,5.67,5.67,1,1,True,False,False,False,1.0
Lake Rotokare,New Zealand,1,1,-39.452792,-39.452792,174.410417,174.410417,1.4,1.4,1.4,1,1,True,False,False,False,1.0
Loenderveense Plas West,Netherlands (the),1,1,52.21624,52.21624,5.06175,5.06175,19.56,19.56,19.56,1,1,True,False,False,False,1.0
Loenderveensche Plas,Netherlands (the),1,1,52.20096,52.20096,5.05959,5.05959,3.34,3.34,3.34,1,1,True,False,False,False,1.0
"Little Pee Dee River, SC",United States of America (the),4,1,33.7362666666667,33.7362666666667,-79.2239833333333,-79.2239833333333,24.8225806451613,24.8225806451613,24.8225806451613,1,1,False,False,False,False,1.0
Minnetonka West Arm,United States of America (the),1,1,44.94625,44.94625,-93.636,-93.636,7.024,7.024,7.024,1,1,True,False,False,False,1.0
Minnetonka Stubbs Bay,United States of America (the),1,1,44.96789,44.96789,-93.61614,-93.61614,7.608,7.608,7.608,1,1,True,False,False,False,1.0
Minnetonka Halstead's Bay,United States of America (the),1,1,44.90907,44.90907,-93.68394,-93.68394,9.048,9.048,9.048,1,1,True,False,False,False,1.0
"Middle Bay, MS",United States of America (the),2,1,30.37915,30.37915,-88.40185,-88.40185,25.74,25.74,25.74,1,1,False,False,False,False,1.0
Lake Loch Katrine,New Zealand,1,1,-42.718525,-42.718525,172.199964,172.199964,0.8,0.8,0.8,1,1,True,False,False,False,1.0
Lake Kuremaa,Estonia,1,1,58.71246,58.71246,26.56154,26.56154,2.89,2.89,2.89,1,1,True,False,False,False,1.0
Lake Koosa,Estonia,1,1,58.43445,58.43445,27.15546,27.15546,6.8,6.8,6.8,1,1,True,False,False,False,1.0
Lake Pounui,New Zealand,1,1,-41.344533,-41.344533,175.11503,175.11503,3.0,3.0,3.0,1,1,True,False,False,False,1.0
Lake Pearson,New Zealand,1,1,-43.09599,-43.09599,171.784415,171.784415,3.5,3.5,3.5,1,1,True,False,False,False,1.0
Markermeer De hemmelanden,Netherlands (the),1,1,52.460133,52.460133,5.045567,5.045567,6.4249999999999,6.4249999999999,6.4249999999999,1,1,True,False,False,False,1.0
Mapourika,New Zealand,1,1,-43.30345,-43.30345,170.215,170.215,1.1333,1.1333,1.1333,1,1,True,False,False,False,1.0
Mangakaware,New Zealand,1,1,-37.932386,-37.932386,175.219556,175.219556,10.4,10.4,10.4,1,1,True,False,False,False,1.0
"Mackay River, GA",United States of America (the),4,1,31.231455,31.231455,-81.429949,-81.429949,14.2244660194179,14.2244660194179,14.2244660194179,1,1,False,False,False,False,1.0
"Lyons Bay, FL",United States of America (the),2,1,27.1172833333333,27.1172833333333,-82.4666833333333,-82.4666833333333,18.5531914893618,18.5531914893618,18.5531914893618,1,1,False,False,False,False,1.0
Nightevecht,Netherlands (the),4,1,52.27425,52.27425,5.0227,5.0227,9.39000000000023,9.39000000000023,9.39000000000023,1,1,False,False,False,False,1.0
Naardermeer-Spookgat,Netherlands (the),1,1,52.30269,52.30269,5.10699,5.10699,3.8,3.8,3.8,1,1,True,False,False,False,1.0
NIOZ jetty,Netherlands (the),2,1,53.001833,53.001833,4.7892,4.7892,13.7124999999999,13.7124999999999,13.7124999999999,1,1,False,False,False,False,1.0
"N Rigolets Bayou, MS",United States of America (the),2,1,30.3664,30.3664,-88.4110166666667,-88.4110166666667,40.79,40.79,40.79,1,1,False,False,False,False,1.0
Lake Kalli,Estonia,1,1,58.37779,58.37779,27.23903,27.23903,3.6,3.6,3.6,1,1,True,False,False,False,1.0
Lake Kai-iwi,New Zealand,1,1,-35.81562,-35.81562,173.65376,173.65376,3.6,3.6,3.6,1,1,True,False,False,False,1.0
Lake Kahuparere,New Zealand,1,1,-36.36933,-36.36933,174.15728,174.15728,4.4,4.4,4.4,1,1,True,False,False,False,1.0
Lake Kaariku,Estonia,1,1,58.00357,58.00357,26.39602,26.39602,3.0,3.0,3.0,1,1,True,False,False,False,1.0
Lake Juottaan Tekojarvi,Finland,1,1,66.31871,66.31871,26.94662,26.94662,1.86,1.86,1.86,1,1,True,False,False,False,1.0
Lake Joksi,Estonia,1,1,58.002147,58.002147,26.751146,26.751146,1.31,1.31,1.31,1,1,True,False,False,False,1.0
Lake Joemoisa,Estonia,1,1,58.65278,58.65278,26.8322,26.8322,3.6,3.6,3.6,1,1,True,False,False,False,1.0
Lake Murati,Estonia,1,1,57.58591,57.58591,27.09136,27.09136,2.8,2.8,2.8,1,1,True,False,False,False,1.0
Lake Mokeno,New Zealand,1,1,-36.35158,-36.35158,174.06065,174.06065,6.0,6.0,6.0,1,1,True,False,False,False,1.0
Lake Maratoto,New Zealand,1,1,-37.887558,-37.887558,175.304366,175.304366,1.45,1.45,1.45,1,1,True,False,False,False,1.0
Lake Hino,Estonia,1,1,57.58213,57.58213,27.2324,27.2324,10.67,10.67,10.67,1,1,True,False,False,False,1.0
Lake Hayes,New Zealand,1,1,-44.982584,-44.982584,168.80687,168.80687,2.7,2.7,2.7,1,1,True,False,False,False,1.0
Lake Haupiri,New Zealand,1,1,-42.567127,-42.567127,171.693366,171.693366,1.0,1.0,1.0,1,1,True,False,False,False,1.0
Lake Harihari,New Zealand,1,1,-38.210217,-38.210217,174.72305,174.72305,8.4,8.4,8.4,1,1,True,False,False,False,1.0
Lake Kooraste Linajarv,Estonia,1,1,57.96305,57.96305,26.66403,26.66403,18.8,18.8,18.8,1,1,True,False,False,False,1.0
Lake Komiojarvi,Finland,1,1,66.91257,66.91257,27.0612,27.0612,3.2,3.2,3.2,1,1,True,False,False,False,1.0
Lake Karaka,New Zealand,1,1,-36.31382,-36.31382,174.03847,174.03847,27.6,27.6,27.6,1,1,True,False,False,False,1.0
Lake Kanono,New Zealand,1,1,-36.36485,-36.36485,174.14871,174.14871,5.2,5.2,5.2,1,1,True,False,False,False,1.0
"Moore's Lake, DE",United States of America (the),1,1,39.1278,39.1278,-75.5215166666667,-75.5215166666667,3.6,3.6,3.6,1,1,True,False,False,False,1.0
Moeraki,New Zealand,1,1,-43.73209,-43.73209,169.2841,169.2841,1.5333,1.5333,1.5333,1,1,True,False,False,False,1.0
Lake Humuhumu,New Zealand,1,1,-36.32818,-36.32818,174.12941,174.12941,3.6,3.6,3.6,1,1,True,False,False,False,1.0
Lake Holstre,Estonia,1,1,58.2761,58.2761,25.69015,25.69015,10.75,10.75,10.75,1,1,True,False,False,False,1.0
"Knitting Mill Creek, VA",United States of America (the),2,1,36.8858285,36.8858285,-76.2939393333333,-76.2939393333333,52.2105263157895,52.2105263157895,52.2105263157895,1,1,False,False,False,False,1.0
Lake Ellesmere (Te Waihora),New Zealand,1,1,-43.789926,-43.789926,172.450385,172.450385,83.2,83.2,83.2,1,1,True,False,False,False,1.0
"Pamlico Sound, NC",United States of America (the),2,1,35.05055,35.05055,-76.3032,-76.3032,15.7799999999999,15.7799999999999,15.7799999999999,1,1,False,False,False,False,1.0
"Otter Point Creek, MD",United States of America (the),2,1,39.44569,39.44569,-76.2439,-76.2439,16.3,16.3,16.3,1,1,False,False,False,False,1.0
"Osabaw Sound, GA",United States of America (the),2,1,31.8311666666667,31.8311666666667,-81.0364166666667,-81.0364166666667,80.3200000000004,80.3200000000004,80.3200000000004,1,1,False,False,False,False,1.0
Ohinewai,New Zealand,1,1,-37.494439,-37.494439,175.171297,175.171297,20.0,20.0,20.0,1,1,True,False,False,False,1.0
"San Antonio Bay, TX",United States of America (the),2,1,28.2061944444444,28.2061944444444,-96.8225,-96.8225,31.92,31.92,31.92,1,1,False,False,False,False,1.0
Sakatah,United States of America (the),1,1,44.22694,44.22694,-93.51833,-93.51833,19.788,19.788,19.788,1,1,True,False,False,False,1.0
Rotognaroiti,New Zealand,1,1,-37.477005,-37.477005,175.107934,175.107934,134.94,134.94,134.94,1,1,True,False,False,False,1.0
Rotognaro,New Zealand,1,1,-37.485,-37.485,175.11756,175.11756,51.5,51.5,51.5,1,1,True,False,False,False,1.0
Hilversums Kanaal,Netherlands (the),4,1,52.23297,52.23297,5.06738,5.06738,21.0,21.0,21.0,1,1,False,False,False,False,1.0
Hauroko,New Zealand,1,1,-45.996582,-45.996582,167.329983,167.329983,0.1733,0.1733,0.1733,1,1,True,False,False,False,1.0
Haringvliet,Netherlands (the),2,1,51.822017,51.822017,4.039617,4.039617,3.00999999999974,3.00999999999974,3.00999999999974,1,1,False,False,False,False,1.0
"Gulf of Mexico, TX",United States of America (the),3,1,27.8438611111111,27.8438611111111,-97.037534,-97.037534,1.95,1.95,1.95,1,1,False,False,False,False,1.0
Lake B,New Zealand,1,1,-37.679104,-37.679104,175.247701,175.247701,58.0,58.0,58.0,1,1,True,False,False,False,1.0
Lake Aviemore,New Zealand,1,1,-44.62052,-44.62052,170.304774,170.304774,1.8,1.8,1.8,1,1,True,False,False,False,1.0
"Great Pee Dee River, SC",United States of America (the),4,1,33.3534833333333,33.3534833333333,-79.2720666666667,-79.2720666666667,33.2758620689661,33.2758620689661,33.2758620689661,1,1,False,False,False,False,1.0
"Intracoastal Waterway, FL",United States of America (the),2,1,27.1023,27.1023,-82.4432166666667,-82.4432166666667,29.8099999999999,29.8099999999999,29.8099999999999,1,1,False,False,False,False,1.0
Ijsselmeer De Oude Zeug,Netherlands (the),1,1,52.8591,52.8591,5.10345,5.10345,23.9333333333332,23.9333333333332,23.9333333333332,1,1,True,False,False,False,1.0
Ijmeer Durgerdam,Netherlands (the),1,1,52.377367,52.377367,4.9906,4.9906,7.27000000000011,7.27000000000011,7.27000000000011,1,1,True,False,False,False,1.0
"Roberts Bay, FL",United States of America (the),2,1,27.1096166666667,27.1096166666667,-82.4545666666667,-82.4545666666667,29.5333333333335,29.5333333333335,29.5333333333335,1,1,False,False,False,False,1.0
"Rhode River, MD",United States of America (the),4,1,38.86559,38.86559,-76.51367,-76.51367,20.3,20.3,20.3,1,1,False,False,False,False,1.0
"St. Leonard Creek, MD",United States of America (the),2,1,38.39433,38.39433,-76.50338,-76.50338,11.1,11.1,11.1,1,1,False,False,False,False,1.0
"South River, MD",United States of America (the),4,1,38.92302,38.92302,-76.50906,-76.50906,14.8,14.8,14.8,1,1,False,False,False,False,1.0
"South End Ceek, GA",United States of America (the),2,1,31.39631,31.39631,-81.280065,-81.280065,9.8,9.8,9.8,1,1,False,False,False,False,1.0
Francis,United States of America (the),1,1,44.21073,44.21073,-93.69412,-93.69412,5.936666667,5.936666667,5.936666667,1,1,True,False,False,False,1.0
Fox River,United States of America (the),4,1,44.53722,44.53722,-88.00648,-88.00648,12.0,12.0,12.0,1,1,False,False,False,False,1.0
"Fork Branch, DE",United States of America (the),1,1,39.18335,39.18335,-75.5476,-75.5476,4.0,4.0,4.0,1,1,True,False,False,False,1.0
Elysian,United States of America (the),1,1,44.19646,44.19646,-93.6591,-93.6591,65.048,65.048,65.048,1,1,True,False,False,False,1.0
"Elizabeth River, VA",United States of America (the),4,1,36.8831498333333,36.8831498333333,-76.3331821666667,-76.3331821666667,116.058823529412,116.058823529412,116.058823529412,1,1,False,False,False,False,1.0
Grevelingen,Netherlands (the),1,1,51.777033,51.777033,3.86735,3.86735,7.61499999999993,7.61499999999993,7.61499999999993,1,1,True,False,False,False,1.0
"Derby Pond, DE",United States of America (the),1,1,39.0857,39.0857,-75.5599166666667,-75.5599166666667,5.4,5.4,5.4,1,1,True,False,False,False,1.0
"Cumberland Sound, GA",United States of America (the),3,1,30.71625,30.71625,-81.47334,-81.47334,8.74122461484586,8.74122461484586,8.74122461484586,1,1,False,False,False,False,1.0
"Corpus Christi Ship Channel, TX",United States of America (the),2,1,27.8197361111111,27.8197361111111,-97.1883555555556,-97.1883555555556,19.18,19.18,19.18,1,1,False,False,False,False,1.0
Coniston Water,United Kingdom of Great Britain and Northern Ireland (the),1,1,54.36213,54.36213,-3.06247,-3.06247,1.98,1.98,1.98,1,1,True,False,False,False,1.0
"Canoochee River, GA",United States of America (the),4,1,31.9835,31.9835,-81.3266,-81.3266,10.631578947368,10.631578947368,10.631578947368,1,1,False,False,False,False,1.0
Cannon,United States of America (the),1,1,44.27616,44.27616,-93.34875,-93.34875,28.316,28.316,28.316,1,1,True,False,False,False,1.0
Breukeleveensche- of Stille Plas,Netherlands (the),1,1,52.18365,52.18365,5.08337,5.08337,33.5,33.5,33.5,1,1,True,False,False,False,1.0
BovenMerwede,Netherlands (the),4,1,51.829117,51.829117,4.962917,4.962917,22.6799999999994,22.6799999999994,22.6799999999994,1,1,False,False,False,False,1.0
"Dona Bay, FL",United States of America (the),2,1,27.116179,27.116179,-82.453738,-82.453738,25.0539419087135,25.0539419087135,25.0539419087135,1,1,False,False,False,False,1.0
"Combahee River, SC",United States of America (the),4,1,32.5060833333333,32.5060833333333,-80.5308583333333,-80.5308583333333,29.59,29.59,29.59,1,1,False,False,False,False,1.0
Serpentine North,New Zealand,1,1,-37.942198,-37.942198,175.319025,175.319025,1.38,1.38,1.38,1,1,True,False,False,False,1.0
Wijde Gat,Netherlands (the),1,1,52.23385,52.23385,5.07971,5.07971,45.0,45.0,45.0,1,1,True,False,False,False,1.0
"Wicomico River, MD",United States of America (the),4,1,38.25637,38.25637,-75.83367,-75.83367,20.7,20.7,20.7,1,1,False,False,False,False,1.0
Waterleidingplas,Netherlands (the),1,1,52.21465,52.21465,5.04428,5.04428,1.23,1.23,1.23,1,1,True,False,False,False,1.0
"Wassau Sound, GA",United States of America (the),3,1,31.9248333333333,31.9248333333333,-80.9670833333333,-80.9670833333333,15.5347500000001,15.5347500000001,15.5347500000001,1,1,False,False,False,False,1.0
Vecht (Breukelen/Nieuwersluis),Netherlands (the),4,1,52.20593,52.20593,5.02154,5.02154,14.88,14.88,14.88,1,1,False,False,False,False,1.0
Amsterdam-Rijn kanaal Weesp,Netherlands (the),4,1,52.305917,52.305917,5.02155,5.02155,12.0300000000002,12.0300000000002,12.0300000000002,1,1,False,False,False,False,1.0
Amsterdam-Rhine Canal,Netherlands (the),4,1,52.17486,52.17486,4.99403,4.99403,16.0,16.0,16.0,1,1,False,False,False,False,1.0
Amer,Netherlands (the),4,1,51.7099,51.7099,4.815033,4.815033,6.65000000000004,6.65000000000004,6.65000000000004,1,1,False,False,False,False,1.0
"Altamaha Sound, GA",United States of America (the),2,1,31.3207,31.3207,-81.3169833333333,-81.3169833333333,38.1400000000003,38.1400000000003,38.1400000000003,1,1,False,False,False,False,1.0
Vecht (Loenen),Netherlands (the),4,1,52.2022,52.2022,5.0206,5.0206,8.02,8.02,8.02,1,1,False,False,False,False,1.0
"Oneida Lake, NY",United States of America (the),1,8,43.18,43.229,-76.046,-75.77,0.5,3.5,1.7,0,0,True,False,False,False,7.0
Northern Gulf of Mexico,United States of America (the),3,65,27.5453,30.123,-93.6729,-88.0372,0.087274775,8.633920362,0.824499411,0,0,False,False,False,False,98.92801627961802
Lurefjorden,Norway,5,5,60.55992,60.7182,5.06772,5.23085,8.56,18.67,11.06,0,0,False,False,False,False,2.1810747663551404
Lake Champlain,United States of America (the),1,9,44.04233333,45.02766667,-73.43016667,-73.12975,0.3,6.4,1.2,0,0,True,False,False,False,21.333333333333336
Hardangerfjorden,Norway,5,5,59.73129,60.0964,5.48445,5.95149,14.7,23.8,20.13,0,0,False,False,False,False,1.619047619047619
Gaupnefjorden,Norway,5,4,61.37256,61.38475,7.31008,7.33819,10.02,15.91,14.870000000000001,0,0,False,False,False,False,1.5878243512974053
