learner,k,method,available_repeat_n_lakes,available_repeat_mean_delta_mae,available_repeat_median_delta_mae,available_repeat_ci_lo,available_repeat_ci_hi,available_repeat_classification,threshold50_n_lakes,threshold50_n_lakes_excluded,threshold50_mean_delta_mae,threshold50_median_delta_mae,threshold50_ci_lo,threshold50_ci_hi,threshold50_classification,threshold50_positive_lake_fraction,mean_delta_mae_change_threshold50_minus_available,classification_changed
PLSR,1,farthest_point_kennard_stone,24,-0.110233,-0.061432,-0.166498,-0.059592,random_better,24,0,-0.11023275028726102,-0.06143204996603025,-0.16649763291687947,-0.05959219559994062,random_better,0.25,2.497127389727849e-07,False
PLSR,1,unweighted_d_optimal,24,-0.413283,-0.06673,-0.762953,-0.144841,random_better,24,0,-0.413283096089931,-0.0667300362777101,-0.7629530889145255,-0.14484094392313393,random_better,0.20833333333333334,-9.608993101206664e-08,False
PLSR,1,proposed_weighted_d_optimal,24,-0.055926,-0.010955,-0.105629,-0.014834,random_better,24,0,-0.05592624795303048,-0.010955180739785875,-0.1056292538163113,-0.014833622342104258,random_better,0.375,-2.479530304827504e-07,False
PLSR,3,farthest_point_kennard_stone,24,-0.027428,0.002893,-0.06675,0.004399,unresolved,24,0,-0.027428009416784787,0.0028934583338508253,-0.0667495553403626,0.004398782691376245,unresolved,0.625,-9.416784785970522e-09,False
PLSR,3,unweighted_d_optimal,24,-0.020881,0.003427,-0.068728,0.01435,unresolved,24,0,-0.020880741732759278,0.003427104489000775,-0.06872798889581215,0.014349974439146122,unresolved,0.5416666666666666,2.582672407221154e-07,False
PLSR,3,proposed_weighted_d_optimal,24,-0.030776,0.001848,-0.068077,-0.003024,random_better,24,0,-0.03077600883662725,0.00184790156178415,-0.06807661575445072,-0.00302370631829102,random_better,0.5416666666666666,-8.836627249375617e-09,False
PLSR,5,farthest_point_kennard_stone,24,-0.010741,-0.001556,-0.030428,0.004899,unresolved,24,0,-0.010741169734116726,-0.0015555212434888496,-0.030428255172633333,0.004899451709259386,unresolved,0.5,-1.6973411672525918e-07,False
PLSR,5,unweighted_d_optimal,24,-0.01493,-0.001644,-0.035863,0.002058,unresolved,24,0,-0.01492997407387951,-0.0016437761512809001,-0.03586335816652445,0.0020578324080001847,unresolved,0.5,2.5926120490044058e-08,False
PLSR,5,proposed_weighted_d_optimal,24,-0.012946,-0.002483,-0.027481,-0.000511,random_better,24,0,-0.01294600396710175,-0.002482641082321,-0.027481199837907935,-0.00051117161549873,random_better,0.4583333333333333,-3.967101751267688e-09,False
PLSR,10,farthest_point_kennard_stone,24,-0.002248,0.004368,-0.012104,0.006014,unresolved,18,6,-0.0040004125897880214,0.0043684481022779505,-0.016523088685274617,0.006755609186461312,unresolved,0.6666666666666666,-0.0017524125897880214,False
PLSR,10,unweighted_d_optimal,24,-0.023321,-0.008457,-0.040739,-0.008329,random_better,18,6,-0.027054925517821172,-0.008456770757802923,-0.04969012718543347,-0.007799189507407248,random_better,0.3333333333333333,-0.0037339255178211704,False
PLSR,10,proposed_weighted_d_optimal,24,-0.01464,-0.005009,-0.026261,-0.004819,random_better,18,6,-0.01901311987452098,-0.007589341709282425,-0.033053040014239504,-0.00676734183500631,random_better,0.3333333333333333,-0.004373119874520978,False
XGBoost,1,farthest_point_kennard_stone,24,-0.045058,-0.007881,-0.090241,-0.009799,random_better,24,0,-0.045057581737149265,-0.00788083082319235,-0.09024053705595649,-0.009798535198470036,random_better,0.4166666666666667,4.182628507362618e-07,False
XGBoost,1,unweighted_d_optimal,24,-0.07661,-0.00253,-0.147836,-0.018163,random_better,24,0,-0.07661042971552197,-0.00252964341365665,-0.1478356002516906,-0.01816250810718653,random_better,0.4583333333333333,-4.297155219712412e-07,False
XGBoost,1,proposed_weighted_d_optimal,24,-0.05591,-0.018183,-0.097484,-0.019071,random_better,24,0,-0.05590997847052529,-0.01818277757304005,-0.09748352266299816,-0.01907116630910628,random_better,0.3333333333333333,2.152947470995814e-08,False
XGBoost,3,farthest_point_kennard_stone,24,-0.014326,0.001647,-0.035555,0.00301,unresolved,24,0,-0.014325698239943957,0.0016467564321910751,-0.03555508556613683,0.003009643743133162,unresolved,0.5416666666666666,3.017600560435707e-07,False
XGBoost,3,unweighted_d_optimal,24,0.003635,0.00876,-0.009926,0.015173,unresolved,24,0,0.003634952629605096,0.008760101669350475,-0.009925663104444107,0.015172704832435298,unresolved,0.6666666666666666,-4.7370394904398816e-08,False
XGBoost,3,proposed_weighted_d_optimal,24,-0.024911,0.003917,-0.056552,0.000508,unresolved,24,0,-0.02491120765617273,0.00391698609527135,-0.0565518326703787,0.0005076748296047826,unresolved,0.5416666666666666,-2.0765617272933135e-07,False
XGBoost,5,farthest_point_kennard_stone,24,0.006142,0.012127,-0.004005,0.015908,unresolved,24,0,0.006141986243533231,0.012127238644758525,-0.004004940047283835,0.015907668919271093,unresolved,0.6666666666666666,-1.3756466768662101e-08,False
XGBoost,5,unweighted_d_optimal,24,-0.004229,0.005524,-0.019618,0.009787,unresolved,24,0,-0.004229487953397009,0.00552361062917095,-0.01961772201513076,0.009787003380316649,unresolved,0.5833333333333334,-4.879533970084463e-07,False
XGBoost,5,proposed_weighted_d_optimal,24,-0.007525,0.001391,-0.023651,0.006024,unresolved,24,0,-0.007524505811503951,0.0013908401210667,-0.023651385509107767,0.006024281726760571,unresolved,0.625,4.941884960488196e-07,False
XGBoost,10,farthest_point_kennard_stone,24,-0.005221,0.001072,-0.013389,0.002157,unresolved,18,6,-0.0024938080087257395,0.003367773378702475,-0.011210669403154358,0.005449724729178078,unresolved,0.5555555555555556,0.0027271919912742605,False
XGBoost,10,unweighted_d_optimal,24,-0.006674,0.000714,-0.021022,0.005067,unresolved,18,6,-0.010709483659994355,-0.0008620717694045,-0.029398057120005608,0.004655437689013909,unresolved,0.4444444444444444,-0.004035483659994355,False
XGBoost,10,proposed_weighted_d_optimal,24,-0.003669,0.006149,-0.016315,0.007053,unresolved,18,6,-0.007255297992222996,0.004630660352054224,-0.02349614244364155,0.0063071438794983885,unresolved,0.6111111111111112,-0.0035862979922229956,False
MLP,1,farthest_point_kennard_stone,24,-0.06778,-0.036043,-0.1278,-0.02282,random_better,24,0,-0.06777962936533148,-0.036042537699614054,-0.12780014286427524,-0.02282048626192281,random_better,0.375,3.7063466852560456e-07,False
MLP,1,unweighted_d_optimal,24,-0.325166,-0.04853,-0.688888,-0.061483,random_better,24,0,-0.3251660760832386,-0.04852960328668415,-0.6888883948349205,-0.06148276702483486,random_better,0.4166666666666667,-7.608323859820132e-08,False
MLP,1,proposed_weighted_d_optimal,24,-0.03997,-0.013086,-0.074485,-0.009167,random_better,24,0,-0.03996950533572659,-0.013086491323245901,-0.07448494077507246,-0.009167273796764921,random_better,0.4583333333333333,4.94664273410772e-07,False
MLP,3,farthest_point_kennard_stone,24,-0.026897,0.008316,-0.060719,0.00061,unresolved,24,0,-0.026897179299812123,0.008316490278768124,-0.060718918181699416,0.0006102541965610002,unresolved,0.625,-1.79299812122502e-07,False
MLP,3,unweighted_d_optimal,24,-0.003929,0.00757,-0.022547,0.016241,unresolved,24,0,-0.003928947985806359,0.007570373203294025,-0.02254740620292053,0.016241035839445937,unresolved,0.5416666666666666,5.201419364143922e-08,False
MLP,3,proposed_weighted_d_optimal,24,-0.019227,0.003821,-0.049068,0.004192,unresolved,24,0,-0.01922711354236427,0.0038209218369684,-0.0490677493857805,0.004192426309088049,unresolved,0.5833333333333334,-1.1354236426758257e-07,False
MLP,5,farthest_point_kennard_stone,24,-0.008864,-1e-05,-0.029753,0.005673,unresolved,24,0,-0.008864245765868972,-1.0075470376750043e-05,-0.029753140699240416,0.005672703682887134,unresolved,0.5,-2.4576586897182007e-07,False
MLP,5,unweighted_d_optimal,24,-0.004534,0.004438,-0.01671,0.006051,unresolved,24,0,-0.004534095686512894,0.0044380403662849744,-0.016709782464586907,0.0060514127349832495,unresolved,0.5416666666666666,-9.568651289457858e-08,False
MLP,5,proposed_weighted_d_optimal,24,-0.012574,-0.01037,-0.029786,0.001441,unresolved,24,0,-0.012573607723750947,-0.010370238347323774,-0.029786144636172955,0.0014408267113199772,unresolved,0.4583333333333333,3.922762490532472e-07,False
MLP,10,farthest_point_kennard_stone,24,0.000438,0.003445,-0.009139,0.008252,unresolved,18,6,-0.0007621836806804047,0.00337931727095425,-0.012057229416411677,0.00781772707906838,unresolved,0.6111111111111112,-0.0012001836806804047,False
MLP,10,unweighted_d_optimal,24,-0.014682,-0.006078,-0.031096,-0.001999,random_better,18,6,-0.018797586243557974,-0.0044561494532359,-0.040389924772615764,-0.0026801329017707627,random_better,0.3333333333333333,-0.004115586243557973,False
MLP,10,proposed_weighted_d_optimal,24,-0.006524,0.000592,-0.018675,0.003833,unresolved,18,6,-0.009578661928000439,0.0005922708476651,-0.02520089517797655,0.003719247444843584,unresolved,0.5,-0.003054661928000439,False
