learner,k,method,estimand,contrast,query_scope,delta_definition,positive_means,mean_delta_mae,median_delta_mae,ci_lo,ci_hi,classification,n_lakes,multiplicity_adjusted,frozen_classification,n_lakes_with_repeat_provenance,n_repeat_rows,min_repeats_per_lake,max_repeats_per_lake,min_repeat,max_repeat,min_query_size,max_query_size,duplicate_repeat_keys,audited_delta_definition,classification_rule,bootstrap_note,repeat_level_pairing_status
PLSR,1,farthest_point_kennard_stone,pairwise_common_query,farthest_point_kennard_stone_vs_random,Q_sR = pool \ (S_method ∪ S_random),MAE_random - MAE_method,method_better_than_random,-0.109775,-0.062404,-0.16567,-0.058791,random_better,24,False,random_better,24,2400,100,100,0,99,18,524,0,MAE_random - MAE_selector,ci_lo > 0: selector_better; ci_hi < 0: random_better; otherwise unresolved,nominal cell-wise 10000-resample percentile lake bootstrap; not multiplicity-adjusted,verified from frozen lake-learner-k-method-repeat rows
PLSR,1,unweighted_d_optimal,pairwise_common_query,unweighted_d_optimal_vs_random,Q_sR = pool \ (S_method ∪ S_random),MAE_random - MAE_method,method_better_than_random,-0.413209,-0.069445,-0.763337,-0.144903,random_better,24,False,random_better,24,2400,100,100,0,99,18,524,0,MAE_random - MAE_selector,ci_lo > 0: selector_better; ci_hi < 0: random_better; otherwise unresolved,nominal cell-wise 10000-resample percentile lake bootstrap; not multiplicity-adjusted,verified from frozen lake-learner-k-method-repeat rows
PLSR,1,proposed_weighted_d_optimal,pairwise_common_query,proposed_weighted_d_optimal_vs_random,Q_sR = pool \ (S_method ∪ S_random),MAE_random - MAE_method,method_better_than_random,-0.054316,-0.015491,-0.102407,-0.01397,random_better,24,False,random_better,24,2400,100,100,0,99,18,524,0,MAE_random - MAE_selector,ci_lo > 0: selector_better; ci_hi < 0: random_better; otherwise unresolved,nominal cell-wise 10000-resample percentile lake bootstrap; not multiplicity-adjusted,verified from frozen lake-learner-k-method-repeat rows
PLSR,3,farthest_point_kennard_stone,pairwise_common_query,farthest_point_kennard_stone_vs_random,Q_sR = pool \ (S_method ∪ S_random),MAE_random - MAE_method,method_better_than_random,-0.025269,0.005317,-0.063535,0.005738,unresolved,24,False,unresolved,24,2400,100,100,0,99,14,521,0,MAE_random - MAE_selector,ci_lo > 0: selector_better; ci_hi < 0: random_better; otherwise unresolved,nominal cell-wise 10000-resample percentile lake bootstrap; not multiplicity-adjusted,verified from frozen lake-learner-k-method-repeat rows
PLSR,3,unweighted_d_optimal,pairwise_common_query,unweighted_d_optimal_vs_random,Q_sR = pool \ (S_method ∪ S_random),MAE_random - MAE_method,method_better_than_random,-0.019248,0.004541,-0.067029,0.015794,unresolved,24,False,unresolved,24,2400,100,100,0,99,14,521,0,MAE_random - MAE_selector,ci_lo > 0: selector_better; ci_hi < 0: random_better; otherwise unresolved,nominal cell-wise 10000-resample percentile lake bootstrap; not multiplicity-adjusted,verified from frozen lake-learner-k-method-repeat rows
PLSR,3,proposed_weighted_d_optimal,pairwise_common_query,proposed_weighted_d_optimal_vs_random,Q_sR = pool \ (S_method ∪ S_random),MAE_random - MAE_method,method_better_than_random,-0.029991,0.003001,-0.065783,-0.00344,random_better,24,False,random_better,24,2400,100,100,0,99,14,521,0,MAE_random - MAE_selector,ci_lo > 0: selector_better; ci_hi < 0: random_better; otherwise unresolved,nominal cell-wise 10000-resample percentile lake bootstrap; not multiplicity-adjusted,verified from frozen lake-learner-k-method-repeat rows
PLSR,5,farthest_point_kennard_stone,pairwise_common_query,farthest_point_kennard_stone_vs_random,Q_sR = pool \ (S_method ∪ S_random),MAE_random - MAE_method,method_better_than_random,-0.004072,0.008232,-0.023282,0.010325,unresolved,24,False,unresolved,24,2400,100,100,0,99,10,517,0,MAE_random - MAE_selector,ci_lo > 0: selector_better; ci_hi < 0: random_better; otherwise unresolved,nominal cell-wise 10000-resample percentile lake bootstrap; not multiplicity-adjusted,verified from frozen lake-learner-k-method-repeat rows
PLSR,5,unweighted_d_optimal,pairwise_common_query,unweighted_d_optimal_vs_random,Q_sR = pool \ (S_method ∪ S_random),MAE_random - MAE_method,method_better_than_random,-0.010068,0.006115,-0.030263,0.006453,unresolved,24,False,unresolved,24,2400,100,100,0,99,10,517,0,MAE_random - MAE_selector,ci_lo > 0: selector_better; ci_hi < 0: random_better; otherwise unresolved,nominal cell-wise 10000-resample percentile lake bootstrap; not multiplicity-adjusted,verified from frozen lake-learner-k-method-repeat rows
PLSR,5,proposed_weighted_d_optimal,pairwise_common_query,proposed_weighted_d_optimal_vs_random,Q_sR = pool \ (S_method ∪ S_random),MAE_random - MAE_method,method_better_than_random,-0.007913,0.004088,-0.024524,0.007012,unresolved,24,False,unresolved,24,2400,100,100,0,99,10,517,0,MAE_random - MAE_selector,ci_lo > 0: selector_better; ci_hi < 0: random_better; otherwise unresolved,nominal cell-wise 10000-resample percentile lake bootstrap; not multiplicity-adjusted,verified from frozen lake-learner-k-method-repeat rows
PLSR,10,farthest_point_kennard_stone,pairwise_common_query,farthest_point_kennard_stone_vs_random,Q_sR = pool \ (S_method ∪ S_random),MAE_random - MAE_method,method_better_than_random,0.001747,0.007511,-0.007388,0.009618,unresolved,24,False,unresolved,24,2400,100,100,0,99,2,508,0,MAE_random - MAE_selector,ci_lo > 0: selector_better; ci_hi < 0: random_better; otherwise unresolved,nominal cell-wise 10000-resample percentile lake bootstrap; not multiplicity-adjusted,verified from frozen lake-learner-k-method-repeat rows
PLSR,10,unweighted_d_optimal,pairwise_common_query,unweighted_d_optimal_vs_random,Q_sR = pool \ (S_method ∪ S_random),MAE_random - MAE_method,method_better_than_random,-0.018341,-0.003362,-0.03681,-0.002747,random_better,24,False,random_better,24,2400,100,100,0,99,2,508,0,MAE_random - MAE_selector,ci_lo > 0: selector_better; ci_hi < 0: random_better; otherwise unresolved,nominal cell-wise 10000-resample percentile lake bootstrap; not multiplicity-adjusted,verified from frozen lake-learner-k-method-repeat rows
PLSR,10,proposed_weighted_d_optimal,pairwise_common_query,proposed_weighted_d_optimal_vs_random,Q_sR = pool \ (S_method ∪ S_random),MAE_random - MAE_method,method_better_than_random,-0.008658,0.001002,-0.023078,0.004111,unresolved,24,False,unresolved,24,2400,100,100,0,99,2,508,0,MAE_random - MAE_selector,ci_lo > 0: selector_better; ci_hi < 0: random_better; otherwise unresolved,nominal cell-wise 10000-resample percentile lake bootstrap; not multiplicity-adjusted,verified from frozen lake-learner-k-method-repeat rows
XGBoost,1,farthest_point_kennard_stone,pairwise_common_query,farthest_point_kennard_stone_vs_random,Q_sR = pool \ (S_method ∪ S_random),MAE_random - MAE_method,method_better_than_random,-0.04433,-0.005216,-0.089284,-0.009166,random_better,24,False,random_better,24,2400,100,100,0,99,18,524,0,MAE_random - MAE_selector,ci_lo > 0: selector_better; ci_hi < 0: random_better; otherwise unresolved,nominal cell-wise 10000-resample percentile lake bootstrap; not multiplicity-adjusted,verified from frozen lake-learner-k-method-repeat rows
XGBoost,1,unweighted_d_optimal,pairwise_common_query,unweighted_d_optimal_vs_random,Q_sR = pool \ (S_method ∪ S_random),MAE_random - MAE_method,method_better_than_random,-0.078325,-0.002493,-0.151425,-0.019353,random_better,24,False,random_better,24,2400,100,100,0,99,18,524,0,MAE_random - MAE_selector,ci_lo > 0: selector_better; ci_hi < 0: random_better; otherwise unresolved,nominal cell-wise 10000-resample percentile lake bootstrap; not multiplicity-adjusted,verified from frozen lake-learner-k-method-repeat rows
XGBoost,1,proposed_weighted_d_optimal,pairwise_common_query,proposed_weighted_d_optimal_vs_random,Q_sR = pool \ (S_method ∪ S_random),MAE_random - MAE_method,method_better_than_random,-0.05362,-0.018943,-0.094461,-0.017958,random_better,24,False,random_better,24,2400,100,100,0,99,18,524,0,MAE_random - MAE_selector,ci_lo > 0: selector_better; ci_hi < 0: random_better; otherwise unresolved,nominal cell-wise 10000-resample percentile lake bootstrap; not multiplicity-adjusted,verified from frozen lake-learner-k-method-repeat rows
XGBoost,3,farthest_point_kennard_stone,pairwise_common_query,farthest_point_kennard_stone_vs_random,Q_sR = pool \ (S_method ∪ S_random),MAE_random - MAE_method,method_better_than_random,-0.014155,0.002631,-0.035548,0.003301,unresolved,24,False,unresolved,24,2400,100,100,0,99,14,521,0,MAE_random - MAE_selector,ci_lo > 0: selector_better; ci_hi < 0: random_better; otherwise unresolved,nominal cell-wise 10000-resample percentile lake bootstrap; not multiplicity-adjusted,verified from frozen lake-learner-k-method-repeat rows
XGBoost,3,unweighted_d_optimal,pairwise_common_query,unweighted_d_optimal_vs_random,Q_sR = pool \ (S_method ∪ S_random),MAE_random - MAE_method,method_better_than_random,0.005317,0.009445,-0.008212,0.01647,unresolved,24,False,unresolved,24,2400,100,100,0,99,14,521,0,MAE_random - MAE_selector,ci_lo > 0: selector_better; ci_hi < 0: random_better; otherwise unresolved,nominal cell-wise 10000-resample percentile lake bootstrap; not multiplicity-adjusted,verified from frozen lake-learner-k-method-repeat rows
XGBoost,3,proposed_weighted_d_optimal,pairwise_common_query,proposed_weighted_d_optimal_vs_random,Q_sR = pool \ (S_method ∪ S_random),MAE_random - MAE_method,method_better_than_random,-0.023779,0.002919,-0.055543,0.001374,unresolved,24,False,unresolved,24,2400,100,100,0,99,14,520,0,MAE_random - MAE_selector,ci_lo > 0: selector_better; ci_hi < 0: random_better; otherwise unresolved,nominal cell-wise 10000-resample percentile lake bootstrap; not multiplicity-adjusted,verified from frozen lake-learner-k-method-repeat rows
XGBoost,5,farthest_point_kennard_stone,pairwise_common_query,farthest_point_kennard_stone_vs_random,Q_sR = pool \ (S_method ∪ S_random),MAE_random - MAE_method,method_better_than_random,0.008666,0.014574,-0.002104,0.018825,unresolved,24,False,unresolved,24,2400,100,100,0,99,10,517,0,MAE_random - MAE_selector,ci_lo > 0: selector_better; ci_hi < 0: random_better; otherwise unresolved,nominal cell-wise 10000-resample percentile lake bootstrap; not multiplicity-adjusted,verified from frozen lake-learner-k-method-repeat rows
XGBoost,5,unweighted_d_optimal,pairwise_common_query,unweighted_d_optimal_vs_random,Q_sR = pool \ (S_method ∪ S_random),MAE_random - MAE_method,method_better_than_random,-0.003465,0.006568,-0.019196,0.010724,unresolved,24,False,unresolved,24,2400,100,100,0,99,10,517,0,MAE_random - MAE_selector,ci_lo > 0: selector_better; ci_hi < 0: random_better; otherwise unresolved,nominal cell-wise 10000-resample percentile lake bootstrap; not multiplicity-adjusted,verified from frozen lake-learner-k-method-repeat rows
XGBoost,5,proposed_weighted_d_optimal,pairwise_common_query,proposed_weighted_d_optimal_vs_random,Q_sR = pool \ (S_method ∪ S_random),MAE_random - MAE_method,method_better_than_random,-0.008254,0.003479,-0.025552,0.006742,unresolved,24,False,unresolved,24,2400,100,100,0,99,10,517,0,MAE_random - MAE_selector,ci_lo > 0: selector_better; ci_hi < 0: random_better; otherwise unresolved,nominal cell-wise 10000-resample percentile lake bootstrap; not multiplicity-adjusted,verified from frozen lake-learner-k-method-repeat rows
XGBoost,10,farthest_point_kennard_stone,pairwise_common_query,farthest_point_kennard_stone_vs_random,Q_sR = pool \ (S_method ∪ S_random),MAE_random - MAE_method,method_better_than_random,-0.003048,0.002187,-0.01403,0.006962,unresolved,24,False,unresolved,24,2400,100,100,0,99,1,508,0,MAE_random - MAE_selector,ci_lo > 0: selector_better; ci_hi < 0: random_better; otherwise unresolved,nominal cell-wise 10000-resample percentile lake bootstrap; not multiplicity-adjusted,verified from frozen lake-learner-k-method-repeat rows
XGBoost,10,unweighted_d_optimal,pairwise_common_query,unweighted_d_optimal_vs_random,Q_sR = pool \ (S_method ∪ S_random),MAE_random - MAE_method,method_better_than_random,-0.005486,0.002158,-0.01931,0.005718,unresolved,24,False,unresolved,24,2400,100,100,0,99,2,508,0,MAE_random - MAE_selector,ci_lo > 0: selector_better; ci_hi < 0: random_better; otherwise unresolved,nominal cell-wise 10000-resample percentile lake bootstrap; not multiplicity-adjusted,verified from frozen lake-learner-k-method-repeat rows
XGBoost,10,proposed_weighted_d_optimal,pairwise_common_query,proposed_weighted_d_optimal_vs_random,Q_sR = pool \ (S_method ∪ S_random),MAE_random - MAE_method,method_better_than_random,-0.007147,0.004308,-0.020775,0.005123,unresolved,24,False,unresolved,24,2400,100,100,0,99,2,508,0,MAE_random - MAE_selector,ci_lo > 0: selector_better; ci_hi < 0: random_better; otherwise unresolved,nominal cell-wise 10000-resample percentile lake bootstrap; not multiplicity-adjusted,verified from frozen lake-learner-k-method-repeat rows
MLP,1,farthest_point_kennard_stone,pairwise_common_query,farthest_point_kennard_stone_vs_random,Q_sR = pool \ (S_method ∪ S_random),MAE_random - MAE_method,method_better_than_random,-0.067601,-0.034577,-0.124747,-0.024266,random_better,24,False,random_better,24,2400,100,100,0,99,18,524,0,MAE_random - MAE_selector,ci_lo > 0: selector_better; ci_hi < 0: random_better; otherwise unresolved,nominal cell-wise 10000-resample percentile lake bootstrap; not multiplicity-adjusted,verified from frozen lake-learner-k-method-repeat rows
MLP,1,unweighted_d_optimal,pairwise_common_query,unweighted_d_optimal_vs_random,Q_sR = pool \ (S_method ∪ S_random),MAE_random - MAE_method,method_better_than_random,-0.325478,-0.047035,-0.689248,-0.061795,random_better,24,False,random_better,24,2400,100,100,0,99,18,524,0,MAE_random - MAE_selector,ci_lo > 0: selector_better; ci_hi < 0: random_better; otherwise unresolved,nominal cell-wise 10000-resample percentile lake bootstrap; not multiplicity-adjusted,verified from frozen lake-learner-k-method-repeat rows
MLP,1,proposed_weighted_d_optimal,pairwise_common_query,proposed_weighted_d_optimal_vs_random,Q_sR = pool \ (S_method ∪ S_random),MAE_random - MAE_method,method_better_than_random,-0.037518,-0.013127,-0.071819,-0.007437,random_better,24,False,random_better,24,2400,100,100,0,99,18,524,0,MAE_random - MAE_selector,ci_lo > 0: selector_better; ci_hi < 0: random_better; otherwise unresolved,nominal cell-wise 10000-resample percentile lake bootstrap; not multiplicity-adjusted,verified from frozen lake-learner-k-method-repeat rows
MLP,3,farthest_point_kennard_stone,pairwise_common_query,farthest_point_kennard_stone_vs_random,Q_sR = pool \ (S_method ∪ S_random),MAE_random - MAE_method,method_better_than_random,-0.027805,0.00945,-0.061512,-0.000463,random_better,24,False,random_better,24,2400,100,100,0,99,14,521,0,MAE_random - MAE_selector,ci_lo > 0: selector_better; ci_hi < 0: random_better; otherwise unresolved,nominal cell-wise 10000-resample percentile lake bootstrap; not multiplicity-adjusted,verified from frozen lake-learner-k-method-repeat rows
MLP,3,unweighted_d_optimal,pairwise_common_query,unweighted_d_optimal_vs_random,Q_sR = pool \ (S_method ∪ S_random),MAE_random - MAE_method,method_better_than_random,-0.003906,0.005922,-0.023683,0.0177,unresolved,24,False,unresolved,24,2400,100,100,0,99,14,521,0,MAE_random - MAE_selector,ci_lo > 0: selector_better; ci_hi < 0: random_better; otherwise unresolved,nominal cell-wise 10000-resample percentile lake bootstrap; not multiplicity-adjusted,verified from frozen lake-learner-k-method-repeat rows
MLP,3,proposed_weighted_d_optimal,pairwise_common_query,proposed_weighted_d_optimal_vs_random,Q_sR = pool \ (S_method ∪ S_random),MAE_random - MAE_method,method_better_than_random,-0.017863,0.006048,-0.048351,0.006258,unresolved,24,False,unresolved,24,2400,100,100,0,99,14,521,0,MAE_random - MAE_selector,ci_lo > 0: selector_better; ci_hi < 0: random_better; otherwise unresolved,nominal cell-wise 10000-resample percentile lake bootstrap; not multiplicity-adjusted,verified from frozen lake-learner-k-method-repeat rows
MLP,5,farthest_point_kennard_stone,pairwise_common_query,farthest_point_kennard_stone_vs_random,Q_sR = pool \ (S_method ∪ S_random),MAE_random - MAE_method,method_better_than_random,-0.003806,0.008145,-0.02468,0.01075,unresolved,24,False,unresolved,24,2400,100,100,0,99,10,517,0,MAE_random - MAE_selector,ci_lo > 0: selector_better; ci_hi < 0: random_better; otherwise unresolved,nominal cell-wise 10000-resample percentile lake bootstrap; not multiplicity-adjusted,verified from frozen lake-learner-k-method-repeat rows
MLP,5,unweighted_d_optimal,pairwise_common_query,unweighted_d_optimal_vs_random,Q_sR = pool \ (S_method ∪ S_random),MAE_random - MAE_method,method_better_than_random,-0.001459,0.009039,-0.014424,0.009928,unresolved,24,False,unresolved,24,2400,100,100,0,99,10,517,0,MAE_random - MAE_selector,ci_lo > 0: selector_better; ci_hi < 0: random_better; otherwise unresolved,nominal cell-wise 10000-resample percentile lake bootstrap; not multiplicity-adjusted,verified from frozen lake-learner-k-method-repeat rows
MLP,5,proposed_weighted_d_optimal,pairwise_common_query,proposed_weighted_d_optimal_vs_random,Q_sR = pool \ (S_method ∪ S_random),MAE_random - MAE_method,method_better_than_random,-0.006222,0.004576,-0.023519,0.008488,unresolved,24,False,unresolved,24,2400,100,100,0,99,10,517,0,MAE_random - MAE_selector,ci_lo > 0: selector_better; ci_hi < 0: random_better; otherwise unresolved,nominal cell-wise 10000-resample percentile lake bootstrap; not multiplicity-adjusted,verified from frozen lake-learner-k-method-repeat rows
MLP,10,farthest_point_kennard_stone,pairwise_common_query,farthest_point_kennard_stone_vs_random,Q_sR = pool \ (S_method ∪ S_random),MAE_random - MAE_method,method_better_than_random,0.000668,0.004554,-0.00876,0.008662,unresolved,24,False,unresolved,24,2400,100,100,0,99,2,508,0,MAE_random - MAE_selector,ci_lo > 0: selector_better; ci_hi < 0: random_better; otherwise unresolved,nominal cell-wise 10000-resample percentile lake bootstrap; not multiplicity-adjusted,verified from frozen lake-learner-k-method-repeat rows
MLP,10,unweighted_d_optimal,pairwise_common_query,unweighted_d_optimal_vs_random,Q_sR = pool \ (S_method ∪ S_random),MAE_random - MAE_method,method_better_than_random,-0.012805,0.000615,-0.029069,-0.00034,random_better,24,False,random_better,24,2400,100,100,0,99,2,508,0,MAE_random - MAE_selector,ci_lo > 0: selector_better; ci_hi < 0: random_better; otherwise unresolved,nominal cell-wise 10000-resample percentile lake bootstrap; not multiplicity-adjusted,verified from frozen lake-learner-k-method-repeat rows
MLP,10,proposed_weighted_d_optimal,pairwise_common_query,proposed_weighted_d_optimal_vs_random,Q_sR = pool \ (S_method ∪ S_random),MAE_random - MAE_method,method_better_than_random,-0.004593,0.006535,-0.018048,0.007399,unresolved,24,False,unresolved,24,2400,100,100,0,99,2,508,0,MAE_random - MAE_selector,ci_lo > 0: selector_better; ci_hi < 0: random_better; otherwise unresolved,nominal cell-wise 10000-resample percentile lake bootstrap; not multiplicity-adjusted,verified from frozen lake-learner-k-method-repeat rows
