Site_name,Country,latitude_min,latitude_median,latitude_max,longitude_min,longitude_median,longitude_max,water_body_codes,water_body_labels,raw_record_count,canonical_group_count,date_first,date_last,distinct_date_count,campaign_count,campaign_definition,tss_min,tss_median,tss_max,tss_unit,tss_missing_count,Dataset_ID_membership,Organization_ID_membership,TSS_method_membership,missing_tss_method_group_count,multi_dataset,multi_provider,multi_method
Branched Oak Lake,United States of America (the),40.96046,40.97032,40.98652,-96.88969,-96.865645,-96.85112,1,lake,40,40,2011-08-18,2011-09-09,3,1,distinct Dataset_ID count from eligible_tasks.csv column n_unique_campaigns_dataset_id,11.3,20.45,50.4,g m-3,0,GitelsonAA_US_UNL,UNL,APHA 2540 D,0,False,False,False
Chaohu,China,31.5097,31.5728,31.6756,117.3305,117.453347,117.7488,1,lake,29,21,2013-05-12,2013-10-12,4,1,distinct Dataset_ID count from eligible_tasks.csv column n_unique_campaigns_dataset_id,14.0000000000001,43.0,239.0,g m-3,0,MaR_CN_NIGLAS,NIGLAS,APHA 2540 D,0,False,False,False
Dianchi,China,24.68047222,24.83629322,24.9624,102.6225833,102.68511115,102.7437222,1,lake,64,64,2007-10-23,2019-06-01,9,2,distinct Dataset_ID count from eligible_tasks.csv column n_unique_campaigns_dataset_id,22.5,38.5,184.0,g m-3,0,MaR_CN_NIGLAS;MatsushitaB_JP_Tsukuba,NIGLAS;Tsukuba,APHA 2540 D,0,True,True,False
Eagle Creek Reservoir,United States of America (the),39.82516,39.845575,39.87099,-86.3151,-86.30655999999999,-86.30067,1,lake,79,78,2010-05-05,2010-10-21,4,1,distinct Dataset_ID count from eligible_tasks.csv column n_unique_campaigns_dataset_id,5.833333334,12.083333334999999,36.16666667,g m-3,0,LiL_US_IUPUI,IUPUI,IUPUI TSS,0,False,False,False
Erhai,China,25.61763889,25.846375,25.94294444,100.1201917,100.1799333,100.2638194,1,lake,37,37,2011-09-10,2012-07-30,3,1,distinct Dataset_ID count from eligible_tasks.csv column n_unique_campaigns_dataset_id,3.541666667,5.733333333,20.375,g m-3,0,MatsushitaB_JP_Tsukuba,Tsukuba,APHA 2540 D,0,False,False,False
Garda,Italy,45.09,45.501,45.86633333,10.46,10.601833,10.8485,1,lake,45,37,2015-07-17,2020-09-10,15,1,distinct Dataset_ID count from eligible_tasks.csv column n_unique_campaigns_dataset_id,0.1,1.1,5.24999999999999,g m-3,0,GiardinoC_IT_CNR-IREA,CNR-IREA,ISO 11923:1997,0,False,False,False
Geist Reservoir,United States of America (the),39.90753,39.926765,40.01491,-86.03936,-85.95523,-85.91874,1,lake,56,56,2010-04-12,2010-10-14,3,1,distinct Dataset_ID count from eligible_tasks.csv column n_unique_campaigns_dataset_id,5.166666667,10.875,81.16666667,g m-3,0,LiL_US_IUPUI,IUPUI,IUPUI TSS,0,False,False,False
High Rock Lake,United States of America (the),35.60522,35.653845000000004,35.68915,-80.3385,-80.30755500000001,-80.23669,1,lake,86,86,2021-07-07,2022-10-05,10,1,distinct Dataset_ID count from eligible_tasks.csv column n_unique_campaigns_dataset_id,1.0,10.0,98.0,g m-3,0,DiVittorioC_US_WFU,WFU,APHA 2540 D,0,False,False,False
Ibitinga Reservoir,Brazil,-21.9105277778,-21.84779166665,-21.7607222222,-48.9921694444,-48.95195833335,-48.8918055556,1,lake,28,28,2014-02-06,2018-08-13,7,1,distinct Dataset_ID count from eligible_tasks.csv column n_unique_campaigns_dataset_id,0.8,5.7,97.5,g m-3,0,BarbosaCCF_BR_LabISA-INPE,LabISA-INPE,LabISA-INPE TSS,0,False,False,False
Lake Chotkowskie,Poland,54.15146,54.15146,54.15146,17.35654,17.35654,17.35654,1,lake,22,22,2007-03-03,2009-11-11,22,1,distinct Dataset_ID count from eligible_tasks.csv column n_unique_campaigns_dataset_id,1.2,4.555,13.875,g m-3,0,FicekD_PL_APSL,APSL,APSL TSS,0,False,False,False
Lake Erie,Canada;United States of America (the),41.1941166666667,41.74225,42.84472222,-83.5747,-83.2545,-79.57361111,1,lake,550,526,2007-09-12,2020-10-05,95,4,distinct Dataset_ID count from eligible_tasks.csv column n_unique_campaigns_dataset_id,0.449999999999993,9.49,145.8,g m-3,0,BindingC_CA_ECCC;MooreT_US_UNH;O'DonnellDM_US_UFI;VanderWoudeA_US_NOAA-GLERL,ECCC;NOAA-GLERL;UFI;UNH,APHA 2540 D;ECCC TSS,0,True,True,True
Lake Geneva,Switzerland,46.31011667,46.43809167,46.5109,6.2201,6.5662666665,6.867666667,1,lake,20,20,2014-06-03,2015-07-04,6,1,distinct Dataset_ID count from eligible_tasks.csv column n_unique_campaigns_dataset_id,0.283,0.976,4.0,g m-3,0,SpyrakosE_GB_STIR,STIR,APHA 2540 D,0,False,False,False
Lake Hume,Australia,-36.2056,-36.11009,-36.00871,147.0326993,147.05188,147.09095,1,lake,39,39,2017-03-01,2021-01-06,18,1,distinct Dataset_ID count from eligible_tasks.csv column n_unique_campaigns_dataset_id,1.333,3.6,24.917,g m-3,0,AnsteeJ_AU_CSIRO,CSIRO,ISO 11923:1997,0,False,False,False
Lake Jasień Południowy,Poland,54.28477,54.28477,54.30252,17.61468,17.61793,17.61793,1,lake,23,22,2007-03-03,2009-11-11,19,1,distinct Dataset_ID count from eligible_tasks.csv column n_unique_campaigns_dataset_id,1.1,2.3175,6.8,g m-3,0,FicekD_PL_APSL,APSL,APSL TSS,0,False,False,False
Lake Jeleń,Poland,54.19786,54.19786,54.19786,17.5383,17.5383,17.5383,1,lake,22,22,2006-10-10,2010-07-07,22,1,distinct Dataset_ID count from eligible_tasks.csv column n_unique_campaigns_dataset_id,0.8,1.3039999999999998,2.9,g m-3,0,FicekD_PL_APSL,APSL,APSL TSS,0,False,False,False
Lake Kasumigaura,Japan,35.96411111,36.058636109999995,36.1492,140.2143667,140.36488889999998,140.4893611,1,lake,188,188,2006-02-18,2019-03-12,29,2,distinct Dataset_ID count from eligible_tasks.csv column n_unique_campaigns_dataset_id,4.966666667,18.6,57.1,g m-3,0,MatsushitaB_JP_Tsukuba;SalemSI_JP_KUAS,KUAS;Tsukuba,APHA 2540 D,0,True,True,False
Lake Kummerow,Germany,53.81916,53.833805,53.84584,12.87107,12.891165,12.90237,1,lake,26,26,2015-01-08,2016-09-10,8,1,distinct Dataset_ID count from eligible_tasks.csv column n_unique_campaigns_dataset_id,0.4,1.85,6.1,g m-3,0,OppeltN_DE_CAU_Kiel,CAU_Kiel,DIN 38409-2:1987-03,0,False,False,False
Lake Obłęże,Poland,54.24037,54.24037,54.24037,16.91996,16.91996,16.91996,1,lake,21,20,2007-03-03,2010-08-08,20,1,distinct Dataset_ID count from eligible_tasks.csv column n_unique_campaigns_dataset_id,0.891,3.5265,9.31,g m-3,0,FicekD_PL_APSL,APSL,APSL TSS,0,False,False,False
Lake Peipsi,Estonia,58.12244,58.445325,58.92213,27.1057,27.415805,27.57492,1,lake,74,74,2013-07-08,2018-08-22,12,1,distinct Dataset_ID count from eligible_tasks.csv column n_unique_campaigns_dataset_id,0.75,7.67,26.0,g m-3,0,AlikasK_EE_UT-TO,UT-TO,ESS Method 340.2,0,False,False,False
Lake Winnipeg,Canada,50.51786667,52.10373333,53.83335,-99.23275,-97.12931667,-96.42628333,1,lake,45,45,2013-07-25,2014-08-06,15,1,distinct Dataset_ID count from eligible_tasks.csv column n_unique_campaigns_dataset_id,0.733333333,12.4,59.756,g m-3,0,BindingC_CA_ECCC,ECCC,ECCC TSS,0,False,False,False
Lake Łebsko,Poland,54.71381,54.71681,54.74259,17.35421,17.41881,17.4914,1,lake,32,32,2007-04-04,2010-08-08,20,1,distinct Dataset_ID count from eligible_tasks.csv column n_unique_campaigns_dataset_id,18.6,41.64,77.3,g m-3,0,FicekD_PL_APSL,APSL,APSL TSS,0,False,False,False
Mantova,Italy,45.1501694444444,45.16213,45.16969444,10.72896,10.77680556,10.8098333333333,1,lake,33,31,2014-06-26,2017-07-28,9,1,distinct Dataset_ID count from eligible_tasks.csv column n_unique_campaigns_dataset_id,3.0,10.14,50.0,g m-3,0,GiardinoC_IT_CNR-IREA,CNR-IREA,ISO 11923:1997,0,False,False,False
Morse Reservoir,United States of America (the),40.07383,40.09335,40.18459,-86.06897,-86.03957,-85.95509,1,lake,53,53,2010-06-25,2010-10-07,3,1,distinct Dataset_ID count from eligible_tasks.csv column n_unique_campaigns_dataset_id,6.666666667,16.16666667,30.33333334,g m-3,0,LiL_US_IUPUI,IUPUI,IUPUI TSS,0,False,False,False
Taihu,China,30.943812,31.3017945,31.511,119.9332,120.17491000000001,120.418933,1,lake,195,188,2008-10-06,2011-05-08,17,1,distinct Dataset_ID count from eligible_tasks.csv column n_unique_campaigns_dataset_id,1.56666666666668,33.49999999999995,246.0,g m-3,0,MaR_CN_NIGLAS,NIGLAS,APHA 2540 D,0,False,False,False
